Copyright 1986-2022 Xilinx, Inc. All Rights Reserved. Copyright 2022-2023 Advanced Micro Devices, Inc. All Rights Reserved.
---------------------------------------------------------------------------------------------------------------------------------------------------------------------------------------------------------------------------------------------
| Tool Version : Vivado v.2023.1 (win64) Build 3865809 Sun May  7 15:05:29 MDT 2023
| Date         : Thu Jan 11 09:26:39 2024
| Host         : Bowen running 64-bit major release  (build 9200)
| Command      : report_timing_summary -max_paths 10 -report_unconstrained -file design_1_wrapper_timing_summary_routed.rpt -pb design_1_wrapper_timing_summary_routed.pb -rpx design_1_wrapper_timing_summary_routed.rpx -warn_on_violation
| Design       : design_1_wrapper
| Device       : 7z020-clg400
| Speed File   : -1  PRODUCTION 1.12 2019-11-22
| Design State : Routed
---------------------------------------------------------------------------------------------------------------------------------------------------------------------------------------------------------------------------------------------

Timing Summary Report

------------------------------------------------------------------------------------------------
| Timer Settings
| --------------
------------------------------------------------------------------------------------------------

  Enable Multi Corner Analysis               :  Yes
  Enable Pessimism Removal                   :  Yes
  Pessimism Removal Resolution               :  Nearest Common Node
  Enable Input Delay Default Clock           :  No
  Enable Preset / Clear Arcs                 :  No
  Disable Flight Delays                      :  No
  Ignore I/O Paths                           :  No
  Timing Early Launch at Borrowing Latches   :  No
  Borrow Time for Max Delay Exceptions       :  Yes
  Merge Timing Exceptions                    :  Yes

  Corner  Analyze    Analyze    
  Name    Max Paths  Min Paths  
  ------  ---------  ---------  
  Slow    Yes        Yes        
  Fast    Yes        Yes        


------------------------------------------------------------------------------------------------
| Report Methodology
| ------------------
------------------------------------------------------------------------------------------------

Rule       Severity          Description                  Violations  
---------  ----------------  ---------------------------  ----------  
TIMING-17  Critical Warning  Non-clocked sequential cell  26          

Note: This report is based on the most recent report_methodology run and may not be up-to-date. Run report_methodology on the current design for the latest report.



check_timing report

Table of Contents
-----------------
1. checking no_clock (26)
2. checking constant_clock (0)
3. checking pulse_width_clock (0)
4. checking unconstrained_internal_endpoints (34)
5. checking no_input_delay (0)
6. checking no_output_delay (14)
7. checking multiple_clock (0)
8. checking generated_clocks (0)
9. checking loops (0)
10. checking partial_input_delay (0)
11. checking partial_output_delay (0)
12. checking latch_loops (0)

1. checking no_clock (26)
-------------------------
 There are 26 register/latch pins with no clock driven by root clock pin: design_1_i/ClockDivider_0/U0/clk_inter_reg/Q (HIGH)


2. checking constant_clock (0)
------------------------------
 There are 0 register/latch pins with constant_clock.


3. checking pulse_width_clock (0)
---------------------------------
 There are 0 register/latch pins which need pulse_width check


4. checking unconstrained_internal_endpoints (34)
-------------------------------------------------
 There are 34 pins that are not constrained for maximum delay. (HIGH)

 There are 0 pins that are not constrained for maximum delay due to constant clock.


5. checking no_input_delay (0)
------------------------------
 There are 0 input ports with no input delay specified.

 There are 0 input ports with no input delay but user has a false path constraint.


6. checking no_output_delay (14)
--------------------------------
 There are 14 ports with no output delay specified. (HIGH)

 There are 0 ports with no output delay but user has a false path constraint

 There are 0 ports with no output delay but with a timing clock defined on it or propagating through it


7. checking multiple_clock (0)
------------------------------
 There are 0 register/latch pins with multiple clocks.


8. checking generated_clocks (0)
--------------------------------
 There are 0 generated clocks that are not connected to a clock source.


9. checking loops (0)
---------------------
 There are 0 combinational loops in the design.


10. checking partial_input_delay (0)
------------------------------------
 There are 0 input ports with partial input delay specified.


11. checking partial_output_delay (0)
-------------------------------------
 There are 0 ports with partial output delay specified.


12. checking latch_loops (0)
----------------------------
 There are 0 combinational latch loops in the design through latch input



------------------------------------------------------------------------------------------------
| Design Timing Summary
| ---------------------
------------------------------------------------------------------------------------------------

    WNS(ns)      TNS(ns)  TNS Failing Endpoints  TNS Total Endpoints      WHS(ns)      THS(ns)  THS Failing Endpoints  THS Total Endpoints     WPWS(ns)     TPWS(ns)  TPWS Failing Endpoints  TPWS Total Endpoints  
    -------      -------  ---------------------  -------------------      -------      -------  ---------------------  -------------------     --------     --------  ----------------------  --------------------  
     93.847        0.000                      0                   65        0.263        0.000                      0                   65        2.000        0.000                       0                    39  


All user specified timing constraints are met.


------------------------------------------------------------------------------------------------
| Clock Summary
| -------------
------------------------------------------------------------------------------------------------

Clock                            Waveform(ns)         Period(ns)      Frequency(MHz)
-----                            ------------         ----------      --------------
clk_in_0                         {0.000 4.000}        8.000           125.000         
  clk_out1_design_1_clk_wiz_0_1  {0.000 50.000}       100.000         10.000          
  clkfbout_design_1_clk_wiz_0_1  {0.000 4.000}        8.000           125.000         


------------------------------------------------------------------------------------------------
| Intra Clock Table
| -----------------
------------------------------------------------------------------------------------------------

Clock                                WNS(ns)      TNS(ns)  TNS Failing Endpoints  TNS Total Endpoints      WHS(ns)      THS(ns)  THS Failing Endpoints  THS Total Endpoints     WPWS(ns)     TPWS(ns)  TPWS Failing Endpoints  TPWS Total Endpoints  
-----                                -------      -------  ---------------------  -------------------      -------      -------  ---------------------  -------------------     --------     --------  ----------------------  --------------------  
clk_in_0                                                                                                                                                                           2.000        0.000                       0                     1  
  clk_out1_design_1_clk_wiz_0_1       93.847        0.000                      0                   65        0.263        0.000                      0                   65       49.500        0.000                       0                    35  
  clkfbout_design_1_clk_wiz_0_1                                                                                                                                                    5.845        0.000                       0                     3  


------------------------------------------------------------------------------------------------
| Inter Clock Table
| -----------------
------------------------------------------------------------------------------------------------

From Clock    To Clock          WNS(ns)      TNS(ns)  TNS Failing Endpoints  TNS Total Endpoints      WHS(ns)      THS(ns)  THS Failing Endpoints  THS Total Endpoints  
----------    --------          -------      -------  ---------------------  -------------------      -------      -------  ---------------------  -------------------  


------------------------------------------------------------------------------------------------
| Other Path Groups Table
| -----------------------
------------------------------------------------------------------------------------------------

Path Group    From Clock    To Clock          WNS(ns)      TNS(ns)  TNS Failing Endpoints  TNS Total Endpoints      WHS(ns)      THS(ns)  THS Failing Endpoints  THS Total Endpoints  
----------    ----------    --------          -------      -------  ---------------------  -------------------      -------      -------  ---------------------  -------------------  


------------------------------------------------------------------------------------------------
| User Ignored Path Table
| -----------------------
------------------------------------------------------------------------------------------------

Path Group    From Clock    To Clock    
----------    ----------    --------    


------------------------------------------------------------------------------------------------
| Unconstrained Path Table
| ------------------------
------------------------------------------------------------------------------------------------

Path Group                     From Clock                     To Clock                     
----------                     ----------                     --------                     
(none)                                                                                       
(none)                         clkfbout_design_1_clk_wiz_0_1                                 


------------------------------------------------------------------------------------------------
| Timing Details
| --------------
------------------------------------------------------------------------------------------------


---------------------------------------------------------------------------------------------------
From Clock:  clk_in_0
  To Clock:  clk_in_0

Setup :           NA  Failing Endpoints,  Worst Slack           NA  ,  Total Violation           NA
Hold  :           NA  Failing Endpoints,  Worst Slack           NA  ,  Total Violation           NA
PW    :            0  Failing Endpoints,  Worst Slack        2.000ns,  Total Violation        0.000ns
---------------------------------------------------------------------------------------------------


Pulse Width Checks
--------------------------------------------------------------------------------------
Clock Name:         clk_in_0
Waveform(ns):       { 0.000 4.000 }
Period(ns):         8.000
Sources:            { clk_in_0 }

Check Type        Corner  Lib Pin            Reference Pin  Required(ns)  Actual(ns)  Slack(ns)  Location         Pin
Min Period        n/a     MMCME2_ADV/CLKIN1  n/a            1.249         8.000       6.751      MMCME2_ADV_X1Y2  design_1_i/clk_wiz_0/inst/mmcm_adv_inst/CLKIN1
Max Period        n/a     MMCME2_ADV/CLKIN1  n/a            100.000       8.000       92.000     MMCME2_ADV_X1Y2  design_1_i/clk_wiz_0/inst/mmcm_adv_inst/CLKIN1
Low Pulse Width   Slow    MMCME2_ADV/CLKIN1  n/a            2.000         4.000       2.000      MMCME2_ADV_X1Y2  design_1_i/clk_wiz_0/inst/mmcm_adv_inst/CLKIN1
Low Pulse Width   Fast    MMCME2_ADV/CLKIN1  n/a            2.000         4.000       2.000      MMCME2_ADV_X1Y2  design_1_i/clk_wiz_0/inst/mmcm_adv_inst/CLKIN1
High Pulse Width  Slow    MMCME2_ADV/CLKIN1  n/a            2.000         4.000       2.000      MMCME2_ADV_X1Y2  design_1_i/clk_wiz_0/inst/mmcm_adv_inst/CLKIN1
High Pulse Width  Fast    MMCME2_ADV/CLKIN1  n/a            2.000         4.000       2.000      MMCME2_ADV_X1Y2  design_1_i/clk_wiz_0/inst/mmcm_adv_inst/CLKIN1



---------------------------------------------------------------------------------------------------
From Clock:  clk_out1_design_1_clk_wiz_0_1
  To Clock:  clk_out1_design_1_clk_wiz_0_1

Setup :            0  Failing Endpoints,  Worst Slack       93.847ns,  Total Violation        0.000ns
Hold  :            0  Failing Endpoints,  Worst Slack        0.263ns,  Total Violation        0.000ns
PW    :            0  Failing Endpoints,  Worst Slack       49.500ns,  Total Violation        0.000ns
---------------------------------------------------------------------------------------------------


Max Delay Paths
--------------------------------------------------------------------------------------
Slack (MET) :             93.847ns  (required time - arrival time)
  Source:                 design_1_i/ClockDivider_0/U0/teller_reg[5]/C
                            (rising edge-triggered cell FDRE clocked by clk_out1_design_1_clk_wiz_0_1  {rise@0.000ns fall@50.000ns period=100.000ns})
  Destination:            design_1_i/ClockDivider_0/U0/teller_reg[0]/R
                            (rising edge-triggered cell FDRE clocked by clk_out1_design_1_clk_wiz_0_1  {rise@0.000ns fall@50.000ns period=100.000ns})
  Path Group:             clk_out1_design_1_clk_wiz_0_1
  Path Type:              Setup (Max at Slow Process Corner)
  Requirement:            100.000ns  (clk_out1_design_1_clk_wiz_0_1 rise@100.000ns - clk_out1_design_1_clk_wiz_0_1 rise@0.000ns)
  Data Path Delay:        5.597ns  (logic 2.329ns (41.614%)  route 3.268ns (58.386%))
  Logic Levels:           8  (CARRY4=6 LUT6=2)
  Clock Path Skew:        -0.022ns (DCD - SCD + CPR)
    Destination Clock Delay (DCD):    -1.494ns = ( 98.506 - 100.000 ) 
    Source Clock Delay      (SCD):    -0.865ns
    Clock Pessimism Removal (CPR):    0.607ns
  Clock Uncertainty:      0.105ns  ((TSJ^2 + DJ^2)^1/2) / 2 + PE
    Total System Jitter     (TSJ):    0.071ns
    Discrete Jitter          (DJ):    0.198ns
    Phase Error              (PE):    0.000ns

    Location             Delay type                Incr(ns)  Path(ns)    Netlist Resource(s)
  -------------------------------------------------------------------    -------------------
                         (clock clk_out1_design_1_clk_wiz_0_1 rise edge)
                                                      0.000     0.000 r  
    H16                                               0.000     0.000 r  clk_in_0 (IN)
                         net (fo=0)                   0.000     0.000    design_1_i/clk_wiz_0/inst/clk_in1
    H16                  IBUF (Prop_ibuf_I_O)         1.451     1.451 r  design_1_i/clk_wiz_0/inst/clkin1_ibufg/O
                         net (fo=1, routed)           1.285     2.736    design_1_i/clk_wiz_0/inst/clk_in1_design_1_clk_wiz_0_1
    MMCME2_ADV_X1Y2      MMCME2_ADV (Prop_mmcme2_adv_CLKIN1_CLKOUT0)
                                                     -7.759    -5.023 r  design_1_i/clk_wiz_0/inst/mmcm_adv_inst/CLKOUT0
                         net (fo=1, routed)           2.206    -2.817    design_1_i/clk_wiz_0/inst/clk_out1_design_1_clk_wiz_0_1
    BUFGCTRL_X0Y16       BUFG (Prop_bufg_I_O)         0.101    -2.716 r  design_1_i/clk_wiz_0/inst/clkout1_buf/O
                         net (fo=33, routed)          1.851    -0.865    design_1_i/ClockDivider_0/U0/clk_in
    SLICE_X111Y71        FDRE                                         r  design_1_i/ClockDivider_0/U0/teller_reg[5]/C
  -------------------------------------------------------------------    -------------------
    SLICE_X111Y71        FDRE (Prop_fdre_C_Q)         0.456    -0.409 r  design_1_i/ClockDivider_0/U0/teller_reg[5]/Q
                         net (fo=2, routed)           0.616     0.207    design_1_i/ClockDivider_0/U0/teller_reg[5]
    SLICE_X110Y71        CARRY4 (Prop_carry4_S[0]_CO[3])
                                                      0.656     0.863 r  design_1_i/ClockDivider_0/U0/teller_reg[0]_i_11/CO[3]
                         net (fo=1, routed)           0.000     0.863    design_1_i/ClockDivider_0/U0/teller_reg[0]_i_11_n_0
    SLICE_X110Y72        CARRY4 (Prop_carry4_CI_CO[3])
                                                      0.114     0.977 r  design_1_i/ClockDivider_0/U0/teller_reg[0]_i_12/CO[3]
                         net (fo=1, routed)           0.000     0.977    design_1_i/ClockDivider_0/U0/teller_reg[0]_i_12_n_0
    SLICE_X110Y73        CARRY4 (Prop_carry4_CI_CO[3])
                                                      0.114     1.091 r  design_1_i/ClockDivider_0/U0/teller_reg[0]_i_13/CO[3]
                         net (fo=1, routed)           0.000     1.091    design_1_i/ClockDivider_0/U0/teller_reg[0]_i_13_n_0
    SLICE_X110Y74        CARRY4 (Prop_carry4_CI_CO[3])
                                                      0.114     1.205 r  design_1_i/ClockDivider_0/U0/teller_reg[0]_i_14/CO[3]
                         net (fo=1, routed)           0.009     1.214    design_1_i/ClockDivider_0/U0/teller_reg[0]_i_14_n_0
    SLICE_X110Y75        CARRY4 (Prop_carry4_CI_CO[3])
                                                      0.114     1.328 r  design_1_i/ClockDivider_0/U0/teller_reg[0]_i_15/CO[3]
                         net (fo=1, routed)           0.000     1.328    design_1_i/ClockDivider_0/U0/teller_reg[0]_i_15_n_0
    SLICE_X110Y76        CARRY4 (Prop_carry4_CI_O[1])
                                                      0.334     1.662 f  design_1_i/ClockDivider_0/U0/teller_reg[0]_i_16/O[1]
                         net (fo=1, routed)           0.837     2.499    design_1_i/ClockDivider_0/U0/plusOp[26]
    SLICE_X112Y75        LUT6 (Prop_lut6_I4_O)        0.303     2.802 r  design_1_i/ClockDivider_0/U0/teller[0]_i_7/O
                         net (fo=1, routed)           0.839     3.641    design_1_i/ClockDivider_0/U0/teller[0]_i_7_n_0
    SLICE_X112Y74        LUT6 (Prop_lut6_I4_O)        0.124     3.765 r  design_1_i/ClockDivider_0/U0/teller[0]_i_1/O
                         net (fo=33, routed)          0.967     4.731    design_1_i/ClockDivider_0/U0/clear
    SLICE_X111Y70        FDRE                                         r  design_1_i/ClockDivider_0/U0/teller_reg[0]/R
  -------------------------------------------------------------------    -------------------

                         (clock clk_out1_design_1_clk_wiz_0_1 rise edge)
                                                    100.000   100.000 r  
    H16                                               0.000   100.000 r  clk_in_0 (IN)
                         net (fo=0)                   0.000   100.000    design_1_i/clk_wiz_0/inst/clk_in1
    H16                  IBUF (Prop_ibuf_I_O)         1.380   101.380 r  design_1_i/clk_wiz_0/inst/clkin1_ibufg/O
                         net (fo=1, routed)           1.162   102.542    design_1_i/clk_wiz_0/inst/clk_in1_design_1_clk_wiz_0_1
    MMCME2_ADV_X1Y2      MMCME2_ADV (Prop_mmcme2_adv_CLKIN1_CLKOUT0)
                                                     -7.814    94.728 r  design_1_i/clk_wiz_0/inst/mmcm_adv_inst/CLKOUT0
                         net (fo=1, routed)           2.012    96.740    design_1_i/clk_wiz_0/inst/clk_out1_design_1_clk_wiz_0_1
    BUFGCTRL_X0Y16       BUFG (Prop_bufg_I_O)         0.091    96.831 r  design_1_i/clk_wiz_0/inst/clkout1_buf/O
                         net (fo=33, routed)          1.675    98.506    design_1_i/ClockDivider_0/U0/clk_in
    SLICE_X111Y70        FDRE                                         r  design_1_i/ClockDivider_0/U0/teller_reg[0]/C
                         clock pessimism              0.607    99.113    
                         clock uncertainty           -0.105    99.008    
    SLICE_X111Y70        FDRE (Setup_fdre_C_R)       -0.429    98.579    design_1_i/ClockDivider_0/U0/teller_reg[0]
  -------------------------------------------------------------------
                         required time                         98.579    
                         arrival time                          -4.731    
  -------------------------------------------------------------------
                         slack                                 93.847    

Slack (MET) :             93.847ns  (required time - arrival time)
  Source:                 design_1_i/ClockDivider_0/U0/teller_reg[5]/C
                            (rising edge-triggered cell FDRE clocked by clk_out1_design_1_clk_wiz_0_1  {rise@0.000ns fall@50.000ns period=100.000ns})
  Destination:            design_1_i/ClockDivider_0/U0/teller_reg[1]/R
                            (rising edge-triggered cell FDRE clocked by clk_out1_design_1_clk_wiz_0_1  {rise@0.000ns fall@50.000ns period=100.000ns})
  Path Group:             clk_out1_design_1_clk_wiz_0_1
  Path Type:              Setup (Max at Slow Process Corner)
  Requirement:            100.000ns  (clk_out1_design_1_clk_wiz_0_1 rise@100.000ns - clk_out1_design_1_clk_wiz_0_1 rise@0.000ns)
  Data Path Delay:        5.597ns  (logic 2.329ns (41.614%)  route 3.268ns (58.386%))
  Logic Levels:           8  (CARRY4=6 LUT6=2)
  Clock Path Skew:        -0.022ns (DCD - SCD + CPR)
    Destination Clock Delay (DCD):    -1.494ns = ( 98.506 - 100.000 ) 
    Source Clock Delay      (SCD):    -0.865ns
    Clock Pessimism Removal (CPR):    0.607ns
  Clock Uncertainty:      0.105ns  ((TSJ^2 + DJ^2)^1/2) / 2 + PE
    Total System Jitter     (TSJ):    0.071ns
    Discrete Jitter          (DJ):    0.198ns
    Phase Error              (PE):    0.000ns

    Location             Delay type                Incr(ns)  Path(ns)    Netlist Resource(s)
  -------------------------------------------------------------------    -------------------
                         (clock clk_out1_design_1_clk_wiz_0_1 rise edge)
                                                      0.000     0.000 r  
    H16                                               0.000     0.000 r  clk_in_0 (IN)
                         net (fo=0)                   0.000     0.000    design_1_i/clk_wiz_0/inst/clk_in1
    H16                  IBUF (Prop_ibuf_I_O)         1.451     1.451 r  design_1_i/clk_wiz_0/inst/clkin1_ibufg/O
                         net (fo=1, routed)           1.285     2.736    design_1_i/clk_wiz_0/inst/clk_in1_design_1_clk_wiz_0_1
    MMCME2_ADV_X1Y2      MMCME2_ADV (Prop_mmcme2_adv_CLKIN1_CLKOUT0)
                                                     -7.759    -5.023 r  design_1_i/clk_wiz_0/inst/mmcm_adv_inst/CLKOUT0
                         net (fo=1, routed)           2.206    -2.817    design_1_i/clk_wiz_0/inst/clk_out1_design_1_clk_wiz_0_1
    BUFGCTRL_X0Y16       BUFG (Prop_bufg_I_O)         0.101    -2.716 r  design_1_i/clk_wiz_0/inst/clkout1_buf/O
                         net (fo=33, routed)          1.851    -0.865    design_1_i/ClockDivider_0/U0/clk_in
    SLICE_X111Y71        FDRE                                         r  design_1_i/ClockDivider_0/U0/teller_reg[5]/C
  -------------------------------------------------------------------    -------------------
    SLICE_X111Y71        FDRE (Prop_fdre_C_Q)         0.456    -0.409 r  design_1_i/ClockDivider_0/U0/teller_reg[5]/Q
                         net (fo=2, routed)           0.616     0.207    design_1_i/ClockDivider_0/U0/teller_reg[5]
    SLICE_X110Y71        CARRY4 (Prop_carry4_S[0]_CO[3])
                                                      0.656     0.863 r  design_1_i/ClockDivider_0/U0/teller_reg[0]_i_11/CO[3]
                         net (fo=1, routed)           0.000     0.863    design_1_i/ClockDivider_0/U0/teller_reg[0]_i_11_n_0
    SLICE_X110Y72        CARRY4 (Prop_carry4_CI_CO[3])
                                                      0.114     0.977 r  design_1_i/ClockDivider_0/U0/teller_reg[0]_i_12/CO[3]
                         net (fo=1, routed)           0.000     0.977    design_1_i/ClockDivider_0/U0/teller_reg[0]_i_12_n_0
    SLICE_X110Y73        CARRY4 (Prop_carry4_CI_CO[3])
                                                      0.114     1.091 r  design_1_i/ClockDivider_0/U0/teller_reg[0]_i_13/CO[3]
                         net (fo=1, routed)           0.000     1.091    design_1_i/ClockDivider_0/U0/teller_reg[0]_i_13_n_0
    SLICE_X110Y74        CARRY4 (Prop_carry4_CI_CO[3])
                                                      0.114     1.205 r  design_1_i/ClockDivider_0/U0/teller_reg[0]_i_14/CO[3]
                         net (fo=1, routed)           0.009     1.214    design_1_i/ClockDivider_0/U0/teller_reg[0]_i_14_n_0
    SLICE_X110Y75        CARRY4 (Prop_carry4_CI_CO[3])
                                                      0.114     1.328 r  design_1_i/ClockDivider_0/U0/teller_reg[0]_i_15/CO[3]
                         net (fo=1, routed)           0.000     1.328    design_1_i/ClockDivider_0/U0/teller_reg[0]_i_15_n_0
    SLICE_X110Y76        CARRY4 (Prop_carry4_CI_O[1])
                                                      0.334     1.662 f  design_1_i/ClockDivider_0/U0/teller_reg[0]_i_16/O[1]
                         net (fo=1, routed)           0.837     2.499    design_1_i/ClockDivider_0/U0/plusOp[26]
    SLICE_X112Y75        LUT6 (Prop_lut6_I4_O)        0.303     2.802 r  design_1_i/ClockDivider_0/U0/teller[0]_i_7/O
                         net (fo=1, routed)           0.839     3.641    design_1_i/ClockDivider_0/U0/teller[0]_i_7_n_0
    SLICE_X112Y74        LUT6 (Prop_lut6_I4_O)        0.124     3.765 r  design_1_i/ClockDivider_0/U0/teller[0]_i_1/O
                         net (fo=33, routed)          0.967     4.731    design_1_i/ClockDivider_0/U0/clear
    SLICE_X111Y70        FDRE                                         r  design_1_i/ClockDivider_0/U0/teller_reg[1]/R
  -------------------------------------------------------------------    -------------------

                         (clock clk_out1_design_1_clk_wiz_0_1 rise edge)
                                                    100.000   100.000 r  
    H16                                               0.000   100.000 r  clk_in_0 (IN)
                         net (fo=0)                   0.000   100.000    design_1_i/clk_wiz_0/inst/clk_in1
    H16                  IBUF (Prop_ibuf_I_O)         1.380   101.380 r  design_1_i/clk_wiz_0/inst/clkin1_ibufg/O
                         net (fo=1, routed)           1.162   102.542    design_1_i/clk_wiz_0/inst/clk_in1_design_1_clk_wiz_0_1
    MMCME2_ADV_X1Y2      MMCME2_ADV (Prop_mmcme2_adv_CLKIN1_CLKOUT0)
                                                     -7.814    94.728 r  design_1_i/clk_wiz_0/inst/mmcm_adv_inst/CLKOUT0
                         net (fo=1, routed)           2.012    96.740    design_1_i/clk_wiz_0/inst/clk_out1_design_1_clk_wiz_0_1
    BUFGCTRL_X0Y16       BUFG (Prop_bufg_I_O)         0.091    96.831 r  design_1_i/clk_wiz_0/inst/clkout1_buf/O
                         net (fo=33, routed)          1.675    98.506    design_1_i/ClockDivider_0/U0/clk_in
    SLICE_X111Y70        FDRE                                         r  design_1_i/ClockDivider_0/U0/teller_reg[1]/C
                         clock pessimism              0.607    99.113    
                         clock uncertainty           -0.105    99.008    
    SLICE_X111Y70        FDRE (Setup_fdre_C_R)       -0.429    98.579    design_1_i/ClockDivider_0/U0/teller_reg[1]
  -------------------------------------------------------------------
                         required time                         98.579    
                         arrival time                          -4.731    
  -------------------------------------------------------------------
                         slack                                 93.847    

Slack (MET) :             93.847ns  (required time - arrival time)
  Source:                 design_1_i/ClockDivider_0/U0/teller_reg[5]/C
                            (rising edge-triggered cell FDRE clocked by clk_out1_design_1_clk_wiz_0_1  {rise@0.000ns fall@50.000ns period=100.000ns})
  Destination:            design_1_i/ClockDivider_0/U0/teller_reg[2]/R
                            (rising edge-triggered cell FDRE clocked by clk_out1_design_1_clk_wiz_0_1  {rise@0.000ns fall@50.000ns period=100.000ns})
  Path Group:             clk_out1_design_1_clk_wiz_0_1
  Path Type:              Setup (Max at Slow Process Corner)
  Requirement:            100.000ns  (clk_out1_design_1_clk_wiz_0_1 rise@100.000ns - clk_out1_design_1_clk_wiz_0_1 rise@0.000ns)
  Data Path Delay:        5.597ns  (logic 2.329ns (41.614%)  route 3.268ns (58.386%))
  Logic Levels:           8  (CARRY4=6 LUT6=2)
  Clock Path Skew:        -0.022ns (DCD - SCD + CPR)
    Destination Clock Delay (DCD):    -1.494ns = ( 98.506 - 100.000 ) 
    Source Clock Delay      (SCD):    -0.865ns
    Clock Pessimism Removal (CPR):    0.607ns
  Clock Uncertainty:      0.105ns  ((TSJ^2 + DJ^2)^1/2) / 2 + PE
    Total System Jitter     (TSJ):    0.071ns
    Discrete Jitter          (DJ):    0.198ns
    Phase Error              (PE):    0.000ns

    Location             Delay type                Incr(ns)  Path(ns)    Netlist Resource(s)
  -------------------------------------------------------------------    -------------------
                         (clock clk_out1_design_1_clk_wiz_0_1 rise edge)
                                                      0.000     0.000 r  
    H16                                               0.000     0.000 r  clk_in_0 (IN)
                         net (fo=0)                   0.000     0.000    design_1_i/clk_wiz_0/inst/clk_in1
    H16                  IBUF (Prop_ibuf_I_O)         1.451     1.451 r  design_1_i/clk_wiz_0/inst/clkin1_ibufg/O
                         net (fo=1, routed)           1.285     2.736    design_1_i/clk_wiz_0/inst/clk_in1_design_1_clk_wiz_0_1
    MMCME2_ADV_X1Y2      MMCME2_ADV (Prop_mmcme2_adv_CLKIN1_CLKOUT0)
                                                     -7.759    -5.023 r  design_1_i/clk_wiz_0/inst/mmcm_adv_inst/CLKOUT0
                         net (fo=1, routed)           2.206    -2.817    design_1_i/clk_wiz_0/inst/clk_out1_design_1_clk_wiz_0_1
    BUFGCTRL_X0Y16       BUFG (Prop_bufg_I_O)         0.101    -2.716 r  design_1_i/clk_wiz_0/inst/clkout1_buf/O
                         net (fo=33, routed)          1.851    -0.865    design_1_i/ClockDivider_0/U0/clk_in
    SLICE_X111Y71        FDRE                                         r  design_1_i/ClockDivider_0/U0/teller_reg[5]/C
  -------------------------------------------------------------------    -------------------
    SLICE_X111Y71        FDRE (Prop_fdre_C_Q)         0.456    -0.409 r  design_1_i/ClockDivider_0/U0/teller_reg[5]/Q
                         net (fo=2, routed)           0.616     0.207    design_1_i/ClockDivider_0/U0/teller_reg[5]
    SLICE_X110Y71        CARRY4 (Prop_carry4_S[0]_CO[3])
                                                      0.656     0.863 r  design_1_i/ClockDivider_0/U0/teller_reg[0]_i_11/CO[3]
                         net (fo=1, routed)           0.000     0.863    design_1_i/ClockDivider_0/U0/teller_reg[0]_i_11_n_0
    SLICE_X110Y72        CARRY4 (Prop_carry4_CI_CO[3])
                                                      0.114     0.977 r  design_1_i/ClockDivider_0/U0/teller_reg[0]_i_12/CO[3]
                         net (fo=1, routed)           0.000     0.977    design_1_i/ClockDivider_0/U0/teller_reg[0]_i_12_n_0
    SLICE_X110Y73        CARRY4 (Prop_carry4_CI_CO[3])
                                                      0.114     1.091 r  design_1_i/ClockDivider_0/U0/teller_reg[0]_i_13/CO[3]
                         net (fo=1, routed)           0.000     1.091    design_1_i/ClockDivider_0/U0/teller_reg[0]_i_13_n_0
    SLICE_X110Y74        CARRY4 (Prop_carry4_CI_CO[3])
                                                      0.114     1.205 r  design_1_i/ClockDivider_0/U0/teller_reg[0]_i_14/CO[3]
                         net (fo=1, routed)           0.009     1.214    design_1_i/ClockDivider_0/U0/teller_reg[0]_i_14_n_0
    SLICE_X110Y75        CARRY4 (Prop_carry4_CI_CO[3])
                                                      0.114     1.328 r  design_1_i/ClockDivider_0/U0/teller_reg[0]_i_15/CO[3]
                         net (fo=1, routed)           0.000     1.328    design_1_i/ClockDivider_0/U0/teller_reg[0]_i_15_n_0
    SLICE_X110Y76        CARRY4 (Prop_carry4_CI_O[1])
                                                      0.334     1.662 f  design_1_i/ClockDivider_0/U0/teller_reg[0]_i_16/O[1]
                         net (fo=1, routed)           0.837     2.499    design_1_i/ClockDivider_0/U0/plusOp[26]
    SLICE_X112Y75        LUT6 (Prop_lut6_I4_O)        0.303     2.802 r  design_1_i/ClockDivider_0/U0/teller[0]_i_7/O
                         net (fo=1, routed)           0.839     3.641    design_1_i/ClockDivider_0/U0/teller[0]_i_7_n_0
    SLICE_X112Y74        LUT6 (Prop_lut6_I4_O)        0.124     3.765 r  design_1_i/ClockDivider_0/U0/teller[0]_i_1/O
                         net (fo=33, routed)          0.967     4.731    design_1_i/ClockDivider_0/U0/clear
    SLICE_X111Y70        FDRE                                         r  design_1_i/ClockDivider_0/U0/teller_reg[2]/R
  -------------------------------------------------------------------    -------------------

                         (clock clk_out1_design_1_clk_wiz_0_1 rise edge)
                                                    100.000   100.000 r  
    H16                                               0.000   100.000 r  clk_in_0 (IN)
                         net (fo=0)                   0.000   100.000    design_1_i/clk_wiz_0/inst/clk_in1
    H16                  IBUF (Prop_ibuf_I_O)         1.380   101.380 r  design_1_i/clk_wiz_0/inst/clkin1_ibufg/O
                         net (fo=1, routed)           1.162   102.542    design_1_i/clk_wiz_0/inst/clk_in1_design_1_clk_wiz_0_1
    MMCME2_ADV_X1Y2      MMCME2_ADV (Prop_mmcme2_adv_CLKIN1_CLKOUT0)
                                                     -7.814    94.728 r  design_1_i/clk_wiz_0/inst/mmcm_adv_inst/CLKOUT0
                         net (fo=1, routed)           2.012    96.740    design_1_i/clk_wiz_0/inst/clk_out1_design_1_clk_wiz_0_1
    BUFGCTRL_X0Y16       BUFG (Prop_bufg_I_O)         0.091    96.831 r  design_1_i/clk_wiz_0/inst/clkout1_buf/O
                         net (fo=33, routed)          1.675    98.506    design_1_i/ClockDivider_0/U0/clk_in
    SLICE_X111Y70        FDRE                                         r  design_1_i/ClockDivider_0/U0/teller_reg[2]/C
                         clock pessimism              0.607    99.113    
                         clock uncertainty           -0.105    99.008    
    SLICE_X111Y70        FDRE (Setup_fdre_C_R)       -0.429    98.579    design_1_i/ClockDivider_0/U0/teller_reg[2]
  -------------------------------------------------------------------
                         required time                         98.579    
                         arrival time                          -4.731    
  -------------------------------------------------------------------
                         slack                                 93.847    

Slack (MET) :             93.847ns  (required time - arrival time)
  Source:                 design_1_i/ClockDivider_0/U0/teller_reg[5]/C
                            (rising edge-triggered cell FDRE clocked by clk_out1_design_1_clk_wiz_0_1  {rise@0.000ns fall@50.000ns period=100.000ns})
  Destination:            design_1_i/ClockDivider_0/U0/teller_reg[3]/R
                            (rising edge-triggered cell FDRE clocked by clk_out1_design_1_clk_wiz_0_1  {rise@0.000ns fall@50.000ns period=100.000ns})
  Path Group:             clk_out1_design_1_clk_wiz_0_1
  Path Type:              Setup (Max at Slow Process Corner)
  Requirement:            100.000ns  (clk_out1_design_1_clk_wiz_0_1 rise@100.000ns - clk_out1_design_1_clk_wiz_0_1 rise@0.000ns)
  Data Path Delay:        5.597ns  (logic 2.329ns (41.614%)  route 3.268ns (58.386%))
  Logic Levels:           8  (CARRY4=6 LUT6=2)
  Clock Path Skew:        -0.022ns (DCD - SCD + CPR)
    Destination Clock Delay (DCD):    -1.494ns = ( 98.506 - 100.000 ) 
    Source Clock Delay      (SCD):    -0.865ns
    Clock Pessimism Removal (CPR):    0.607ns
  Clock Uncertainty:      0.105ns  ((TSJ^2 + DJ^2)^1/2) / 2 + PE
    Total System Jitter     (TSJ):    0.071ns
    Discrete Jitter          (DJ):    0.198ns
    Phase Error              (PE):    0.000ns

    Location             Delay type                Incr(ns)  Path(ns)    Netlist Resource(s)
  -------------------------------------------------------------------    -------------------
                         (clock clk_out1_design_1_clk_wiz_0_1 rise edge)
                                                      0.000     0.000 r  
    H16                                               0.000     0.000 r  clk_in_0 (IN)
                         net (fo=0)                   0.000     0.000    design_1_i/clk_wiz_0/inst/clk_in1
    H16                  IBUF (Prop_ibuf_I_O)         1.451     1.451 r  design_1_i/clk_wiz_0/inst/clkin1_ibufg/O
                         net (fo=1, routed)           1.285     2.736    design_1_i/clk_wiz_0/inst/clk_in1_design_1_clk_wiz_0_1
    MMCME2_ADV_X1Y2      MMCME2_ADV (Prop_mmcme2_adv_CLKIN1_CLKOUT0)
                                                     -7.759    -5.023 r  design_1_i/clk_wiz_0/inst/mmcm_adv_inst/CLKOUT0
                         net (fo=1, routed)           2.206    -2.817    design_1_i/clk_wiz_0/inst/clk_out1_design_1_clk_wiz_0_1
    BUFGCTRL_X0Y16       BUFG (Prop_bufg_I_O)         0.101    -2.716 r  design_1_i/clk_wiz_0/inst/clkout1_buf/O
                         net (fo=33, routed)          1.851    -0.865    design_1_i/ClockDivider_0/U0/clk_in
    SLICE_X111Y71        FDRE                                         r  design_1_i/ClockDivider_0/U0/teller_reg[5]/C
  -------------------------------------------------------------------    -------------------
    SLICE_X111Y71        FDRE (Prop_fdre_C_Q)         0.456    -0.409 r  design_1_i/ClockDivider_0/U0/teller_reg[5]/Q
                         net (fo=2, routed)           0.616     0.207    design_1_i/ClockDivider_0/U0/teller_reg[5]
    SLICE_X110Y71        CARRY4 (Prop_carry4_S[0]_CO[3])
                                                      0.656     0.863 r  design_1_i/ClockDivider_0/U0/teller_reg[0]_i_11/CO[3]
                         net (fo=1, routed)           0.000     0.863    design_1_i/ClockDivider_0/U0/teller_reg[0]_i_11_n_0
    SLICE_X110Y72        CARRY4 (Prop_carry4_CI_CO[3])
                                                      0.114     0.977 r  design_1_i/ClockDivider_0/U0/teller_reg[0]_i_12/CO[3]
                         net (fo=1, routed)           0.000     0.977    design_1_i/ClockDivider_0/U0/teller_reg[0]_i_12_n_0
    SLICE_X110Y73        CARRY4 (Prop_carry4_CI_CO[3])
                                                      0.114     1.091 r  design_1_i/ClockDivider_0/U0/teller_reg[0]_i_13/CO[3]
                         net (fo=1, routed)           0.000     1.091    design_1_i/ClockDivider_0/U0/teller_reg[0]_i_13_n_0
    SLICE_X110Y74        CARRY4 (Prop_carry4_CI_CO[3])
                                                      0.114     1.205 r  design_1_i/ClockDivider_0/U0/teller_reg[0]_i_14/CO[3]
                         net (fo=1, routed)           0.009     1.214    design_1_i/ClockDivider_0/U0/teller_reg[0]_i_14_n_0
    SLICE_X110Y75        CARRY4 (Prop_carry4_CI_CO[3])
                                                      0.114     1.328 r  design_1_i/ClockDivider_0/U0/teller_reg[0]_i_15/CO[3]
                         net (fo=1, routed)           0.000     1.328    design_1_i/ClockDivider_0/U0/teller_reg[0]_i_15_n_0
    SLICE_X110Y76        CARRY4 (Prop_carry4_CI_O[1])
                                                      0.334     1.662 f  design_1_i/ClockDivider_0/U0/teller_reg[0]_i_16/O[1]
                         net (fo=1, routed)           0.837     2.499    design_1_i/ClockDivider_0/U0/plusOp[26]
    SLICE_X112Y75        LUT6 (Prop_lut6_I4_O)        0.303     2.802 r  design_1_i/ClockDivider_0/U0/teller[0]_i_7/O
                         net (fo=1, routed)           0.839     3.641    design_1_i/ClockDivider_0/U0/teller[0]_i_7_n_0
    SLICE_X112Y74        LUT6 (Prop_lut6_I4_O)        0.124     3.765 r  design_1_i/ClockDivider_0/U0/teller[0]_i_1/O
                         net (fo=33, routed)          0.967     4.731    design_1_i/ClockDivider_0/U0/clear
    SLICE_X111Y70        FDRE                                         r  design_1_i/ClockDivider_0/U0/teller_reg[3]/R
  -------------------------------------------------------------------    -------------------

                         (clock clk_out1_design_1_clk_wiz_0_1 rise edge)
                                                    100.000   100.000 r  
    H16                                               0.000   100.000 r  clk_in_0 (IN)
                         net (fo=0)                   0.000   100.000    design_1_i/clk_wiz_0/inst/clk_in1
    H16                  IBUF (Prop_ibuf_I_O)         1.380   101.380 r  design_1_i/clk_wiz_0/inst/clkin1_ibufg/O
                         net (fo=1, routed)           1.162   102.542    design_1_i/clk_wiz_0/inst/clk_in1_design_1_clk_wiz_0_1
    MMCME2_ADV_X1Y2      MMCME2_ADV (Prop_mmcme2_adv_CLKIN1_CLKOUT0)
                                                     -7.814    94.728 r  design_1_i/clk_wiz_0/inst/mmcm_adv_inst/CLKOUT0
                         net (fo=1, routed)           2.012    96.740    design_1_i/clk_wiz_0/inst/clk_out1_design_1_clk_wiz_0_1
    BUFGCTRL_X0Y16       BUFG (Prop_bufg_I_O)         0.091    96.831 r  design_1_i/clk_wiz_0/inst/clkout1_buf/O
                         net (fo=33, routed)          1.675    98.506    design_1_i/ClockDivider_0/U0/clk_in
    SLICE_X111Y70        FDRE                                         r  design_1_i/ClockDivider_0/U0/teller_reg[3]/C
                         clock pessimism              0.607    99.113    
                         clock uncertainty           -0.105    99.008    
    SLICE_X111Y70        FDRE (Setup_fdre_C_R)       -0.429    98.579    design_1_i/ClockDivider_0/U0/teller_reg[3]
  -------------------------------------------------------------------
                         required time                         98.579    
                         arrival time                          -4.731    
  -------------------------------------------------------------------
                         slack                                 93.847    

Slack (MET) :             93.961ns  (required time - arrival time)
  Source:                 design_1_i/ClockDivider_0/U0/teller_reg[5]/C
                            (rising edge-triggered cell FDRE clocked by clk_out1_design_1_clk_wiz_0_1  {rise@0.000ns fall@50.000ns period=100.000ns})
  Destination:            design_1_i/ClockDivider_0/U0/teller_reg[4]/R
                            (rising edge-triggered cell FDRE clocked by clk_out1_design_1_clk_wiz_0_1  {rise@0.000ns fall@50.000ns period=100.000ns})
  Path Group:             clk_out1_design_1_clk_wiz_0_1
  Path Type:              Setup (Max at Slow Process Corner)
  Requirement:            100.000ns  (clk_out1_design_1_clk_wiz_0_1 rise@100.000ns - clk_out1_design_1_clk_wiz_0_1 rise@0.000ns)
  Data Path Delay:        5.505ns  (logic 2.329ns (42.310%)  route 3.176ns (57.690%))
  Logic Levels:           8  (CARRY4=6 LUT6=2)
  Clock Path Skew:        0.000ns (DCD - SCD + CPR)
    Destination Clock Delay (DCD):    -1.495ns = ( 98.505 - 100.000 ) 
    Source Clock Delay      (SCD):    -0.865ns
    Clock Pessimism Removal (CPR):    0.630ns
  Clock Uncertainty:      0.105ns  ((TSJ^2 + DJ^2)^1/2) / 2 + PE
    Total System Jitter     (TSJ):    0.071ns
    Discrete Jitter          (DJ):    0.198ns
    Phase Error              (PE):    0.000ns

    Location             Delay type                Incr(ns)  Path(ns)    Netlist Resource(s)
  -------------------------------------------------------------------    -------------------
                         (clock clk_out1_design_1_clk_wiz_0_1 rise edge)
                                                      0.000     0.000 r  
    H16                                               0.000     0.000 r  clk_in_0 (IN)
                         net (fo=0)                   0.000     0.000    design_1_i/clk_wiz_0/inst/clk_in1
    H16                  IBUF (Prop_ibuf_I_O)         1.451     1.451 r  design_1_i/clk_wiz_0/inst/clkin1_ibufg/O
                         net (fo=1, routed)           1.285     2.736    design_1_i/clk_wiz_0/inst/clk_in1_design_1_clk_wiz_0_1
    MMCME2_ADV_X1Y2      MMCME2_ADV (Prop_mmcme2_adv_CLKIN1_CLKOUT0)
                                                     -7.759    -5.023 r  design_1_i/clk_wiz_0/inst/mmcm_adv_inst/CLKOUT0
                         net (fo=1, routed)           2.206    -2.817    design_1_i/clk_wiz_0/inst/clk_out1_design_1_clk_wiz_0_1
    BUFGCTRL_X0Y16       BUFG (Prop_bufg_I_O)         0.101    -2.716 r  design_1_i/clk_wiz_0/inst/clkout1_buf/O
                         net (fo=33, routed)          1.851    -0.865    design_1_i/ClockDivider_0/U0/clk_in
    SLICE_X111Y71        FDRE                                         r  design_1_i/ClockDivider_0/U0/teller_reg[5]/C
  -------------------------------------------------------------------    -------------------
    SLICE_X111Y71        FDRE (Prop_fdre_C_Q)         0.456    -0.409 r  design_1_i/ClockDivider_0/U0/teller_reg[5]/Q
                         net (fo=2, routed)           0.616     0.207    design_1_i/ClockDivider_0/U0/teller_reg[5]
    SLICE_X110Y71        CARRY4 (Prop_carry4_S[0]_CO[3])
                                                      0.656     0.863 r  design_1_i/ClockDivider_0/U0/teller_reg[0]_i_11/CO[3]
                         net (fo=1, routed)           0.000     0.863    design_1_i/ClockDivider_0/U0/teller_reg[0]_i_11_n_0
    SLICE_X110Y72        CARRY4 (Prop_carry4_CI_CO[3])
                                                      0.114     0.977 r  design_1_i/ClockDivider_0/U0/teller_reg[0]_i_12/CO[3]
                         net (fo=1, routed)           0.000     0.977    design_1_i/ClockDivider_0/U0/teller_reg[0]_i_12_n_0
    SLICE_X110Y73        CARRY4 (Prop_carry4_CI_CO[3])
                                                      0.114     1.091 r  design_1_i/ClockDivider_0/U0/teller_reg[0]_i_13/CO[3]
                         net (fo=1, routed)           0.000     1.091    design_1_i/ClockDivider_0/U0/teller_reg[0]_i_13_n_0
    SLICE_X110Y74        CARRY4 (Prop_carry4_CI_CO[3])
                                                      0.114     1.205 r  design_1_i/ClockDivider_0/U0/teller_reg[0]_i_14/CO[3]
                         net (fo=1, routed)           0.009     1.214    design_1_i/ClockDivider_0/U0/teller_reg[0]_i_14_n_0
    SLICE_X110Y75        CARRY4 (Prop_carry4_CI_CO[3])
                                                      0.114     1.328 r  design_1_i/ClockDivider_0/U0/teller_reg[0]_i_15/CO[3]
                         net (fo=1, routed)           0.000     1.328    design_1_i/ClockDivider_0/U0/teller_reg[0]_i_15_n_0
    SLICE_X110Y76        CARRY4 (Prop_carry4_CI_O[1])
                                                      0.334     1.662 f  design_1_i/ClockDivider_0/U0/teller_reg[0]_i_16/O[1]
                         net (fo=1, routed)           0.837     2.499    design_1_i/ClockDivider_0/U0/plusOp[26]
    SLICE_X112Y75        LUT6 (Prop_lut6_I4_O)        0.303     2.802 r  design_1_i/ClockDivider_0/U0/teller[0]_i_7/O
                         net (fo=1, routed)           0.839     3.641    design_1_i/ClockDivider_0/U0/teller[0]_i_7_n_0
    SLICE_X112Y74        LUT6 (Prop_lut6_I4_O)        0.124     3.765 r  design_1_i/ClockDivider_0/U0/teller[0]_i_1/O
                         net (fo=33, routed)          0.875     4.639    design_1_i/ClockDivider_0/U0/clear
    SLICE_X111Y71        FDRE                                         r  design_1_i/ClockDivider_0/U0/teller_reg[4]/R
  -------------------------------------------------------------------    -------------------

                         (clock clk_out1_design_1_clk_wiz_0_1 rise edge)
                                                    100.000   100.000 r  
    H16                                               0.000   100.000 r  clk_in_0 (IN)
                         net (fo=0)                   0.000   100.000    design_1_i/clk_wiz_0/inst/clk_in1
    H16                  IBUF (Prop_ibuf_I_O)         1.380   101.380 r  design_1_i/clk_wiz_0/inst/clkin1_ibufg/O
                         net (fo=1, routed)           1.162   102.542    design_1_i/clk_wiz_0/inst/clk_in1_design_1_clk_wiz_0_1
    MMCME2_ADV_X1Y2      MMCME2_ADV (Prop_mmcme2_adv_CLKIN1_CLKOUT0)
                                                     -7.814    94.728 r  design_1_i/clk_wiz_0/inst/mmcm_adv_inst/CLKOUT0
                         net (fo=1, routed)           2.012    96.740    design_1_i/clk_wiz_0/inst/clk_out1_design_1_clk_wiz_0_1
    BUFGCTRL_X0Y16       BUFG (Prop_bufg_I_O)         0.091    96.831 r  design_1_i/clk_wiz_0/inst/clkout1_buf/O
                         net (fo=33, routed)          1.674    98.505    design_1_i/ClockDivider_0/U0/clk_in
    SLICE_X111Y71        FDRE                                         r  design_1_i/ClockDivider_0/U0/teller_reg[4]/C
                         clock pessimism              0.630    99.135    
                         clock uncertainty           -0.105    99.030    
    SLICE_X111Y71        FDRE (Setup_fdre_C_R)       -0.429    98.601    design_1_i/ClockDivider_0/U0/teller_reg[4]
  -------------------------------------------------------------------
                         required time                         98.601    
                         arrival time                          -4.639    
  -------------------------------------------------------------------
                         slack                                 93.961    

Slack (MET) :             93.961ns  (required time - arrival time)
  Source:                 design_1_i/ClockDivider_0/U0/teller_reg[5]/C
                            (rising edge-triggered cell FDRE clocked by clk_out1_design_1_clk_wiz_0_1  {rise@0.000ns fall@50.000ns period=100.000ns})
  Destination:            design_1_i/ClockDivider_0/U0/teller_reg[5]/R
                            (rising edge-triggered cell FDRE clocked by clk_out1_design_1_clk_wiz_0_1  {rise@0.000ns fall@50.000ns period=100.000ns})
  Path Group:             clk_out1_design_1_clk_wiz_0_1
  Path Type:              Setup (Max at Slow Process Corner)
  Requirement:            100.000ns  (clk_out1_design_1_clk_wiz_0_1 rise@100.000ns - clk_out1_design_1_clk_wiz_0_1 rise@0.000ns)
  Data Path Delay:        5.505ns  (logic 2.329ns (42.310%)  route 3.176ns (57.690%))
  Logic Levels:           8  (CARRY4=6 LUT6=2)
  Clock Path Skew:        0.000ns (DCD - SCD + CPR)
    Destination Clock Delay (DCD):    -1.495ns = ( 98.505 - 100.000 ) 
    Source Clock Delay      (SCD):    -0.865ns
    Clock Pessimism Removal (CPR):    0.630ns
  Clock Uncertainty:      0.105ns  ((TSJ^2 + DJ^2)^1/2) / 2 + PE
    Total System Jitter     (TSJ):    0.071ns
    Discrete Jitter          (DJ):    0.198ns
    Phase Error              (PE):    0.000ns

    Location             Delay type                Incr(ns)  Path(ns)    Netlist Resource(s)
  -------------------------------------------------------------------    -------------------
                         (clock clk_out1_design_1_clk_wiz_0_1 rise edge)
                                                      0.000     0.000 r  
    H16                                               0.000     0.000 r  clk_in_0 (IN)
                         net (fo=0)                   0.000     0.000    design_1_i/clk_wiz_0/inst/clk_in1
    H16                  IBUF (Prop_ibuf_I_O)         1.451     1.451 r  design_1_i/clk_wiz_0/inst/clkin1_ibufg/O
                         net (fo=1, routed)           1.285     2.736    design_1_i/clk_wiz_0/inst/clk_in1_design_1_clk_wiz_0_1
    MMCME2_ADV_X1Y2      MMCME2_ADV (Prop_mmcme2_adv_CLKIN1_CLKOUT0)
                                                     -7.759    -5.023 r  design_1_i/clk_wiz_0/inst/mmcm_adv_inst/CLKOUT0
                         net (fo=1, routed)           2.206    -2.817    design_1_i/clk_wiz_0/inst/clk_out1_design_1_clk_wiz_0_1
    BUFGCTRL_X0Y16       BUFG (Prop_bufg_I_O)         0.101    -2.716 r  design_1_i/clk_wiz_0/inst/clkout1_buf/O
                         net (fo=33, routed)          1.851    -0.865    design_1_i/ClockDivider_0/U0/clk_in
    SLICE_X111Y71        FDRE                                         r  design_1_i/ClockDivider_0/U0/teller_reg[5]/C
  -------------------------------------------------------------------    -------------------
    SLICE_X111Y71        FDRE (Prop_fdre_C_Q)         0.456    -0.409 r  design_1_i/ClockDivider_0/U0/teller_reg[5]/Q
                         net (fo=2, routed)           0.616     0.207    design_1_i/ClockDivider_0/U0/teller_reg[5]
    SLICE_X110Y71        CARRY4 (Prop_carry4_S[0]_CO[3])
                                                      0.656     0.863 r  design_1_i/ClockDivider_0/U0/teller_reg[0]_i_11/CO[3]
                         net (fo=1, routed)           0.000     0.863    design_1_i/ClockDivider_0/U0/teller_reg[0]_i_11_n_0
    SLICE_X110Y72        CARRY4 (Prop_carry4_CI_CO[3])
                                                      0.114     0.977 r  design_1_i/ClockDivider_0/U0/teller_reg[0]_i_12/CO[3]
                         net (fo=1, routed)           0.000     0.977    design_1_i/ClockDivider_0/U0/teller_reg[0]_i_12_n_0
    SLICE_X110Y73        CARRY4 (Prop_carry4_CI_CO[3])
                                                      0.114     1.091 r  design_1_i/ClockDivider_0/U0/teller_reg[0]_i_13/CO[3]
                         net (fo=1, routed)           0.000     1.091    design_1_i/ClockDivider_0/U0/teller_reg[0]_i_13_n_0
    SLICE_X110Y74        CARRY4 (Prop_carry4_CI_CO[3])
                                                      0.114     1.205 r  design_1_i/ClockDivider_0/U0/teller_reg[0]_i_14/CO[3]
                         net (fo=1, routed)           0.009     1.214    design_1_i/ClockDivider_0/U0/teller_reg[0]_i_14_n_0
    SLICE_X110Y75        CARRY4 (Prop_carry4_CI_CO[3])
                                                      0.114     1.328 r  design_1_i/ClockDivider_0/U0/teller_reg[0]_i_15/CO[3]
                         net (fo=1, routed)           0.000     1.328    design_1_i/ClockDivider_0/U0/teller_reg[0]_i_15_n_0
    SLICE_X110Y76        CARRY4 (Prop_carry4_CI_O[1])
                                                      0.334     1.662 f  design_1_i/ClockDivider_0/U0/teller_reg[0]_i_16/O[1]
                         net (fo=1, routed)           0.837     2.499    design_1_i/ClockDivider_0/U0/plusOp[26]
    SLICE_X112Y75        LUT6 (Prop_lut6_I4_O)        0.303     2.802 r  design_1_i/ClockDivider_0/U0/teller[0]_i_7/O
                         net (fo=1, routed)           0.839     3.641    design_1_i/ClockDivider_0/U0/teller[0]_i_7_n_0
    SLICE_X112Y74        LUT6 (Prop_lut6_I4_O)        0.124     3.765 r  design_1_i/ClockDivider_0/U0/teller[0]_i_1/O
                         net (fo=33, routed)          0.875     4.639    design_1_i/ClockDivider_0/U0/clear
    SLICE_X111Y71        FDRE                                         r  design_1_i/ClockDivider_0/U0/teller_reg[5]/R
  -------------------------------------------------------------------    -------------------

                         (clock clk_out1_design_1_clk_wiz_0_1 rise edge)
                                                    100.000   100.000 r  
    H16                                               0.000   100.000 r  clk_in_0 (IN)
                         net (fo=0)                   0.000   100.000    design_1_i/clk_wiz_0/inst/clk_in1
    H16                  IBUF (Prop_ibuf_I_O)         1.380   101.380 r  design_1_i/clk_wiz_0/inst/clkin1_ibufg/O
                         net (fo=1, routed)           1.162   102.542    design_1_i/clk_wiz_0/inst/clk_in1_design_1_clk_wiz_0_1
    MMCME2_ADV_X1Y2      MMCME2_ADV (Prop_mmcme2_adv_CLKIN1_CLKOUT0)
                                                     -7.814    94.728 r  design_1_i/clk_wiz_0/inst/mmcm_adv_inst/CLKOUT0
                         net (fo=1, routed)           2.012    96.740    design_1_i/clk_wiz_0/inst/clk_out1_design_1_clk_wiz_0_1
    BUFGCTRL_X0Y16       BUFG (Prop_bufg_I_O)         0.091    96.831 r  design_1_i/clk_wiz_0/inst/clkout1_buf/O
                         net (fo=33, routed)          1.674    98.505    design_1_i/ClockDivider_0/U0/clk_in
    SLICE_X111Y71        FDRE                                         r  design_1_i/ClockDivider_0/U0/teller_reg[5]/C
                         clock pessimism              0.630    99.135    
                         clock uncertainty           -0.105    99.030    
    SLICE_X111Y71        FDRE (Setup_fdre_C_R)       -0.429    98.601    design_1_i/ClockDivider_0/U0/teller_reg[5]
  -------------------------------------------------------------------
                         required time                         98.601    
                         arrival time                          -4.639    
  -------------------------------------------------------------------
                         slack                                 93.961    

Slack (MET) :             93.961ns  (required time - arrival time)
  Source:                 design_1_i/ClockDivider_0/U0/teller_reg[5]/C
                            (rising edge-triggered cell FDRE clocked by clk_out1_design_1_clk_wiz_0_1  {rise@0.000ns fall@50.000ns period=100.000ns})
  Destination:            design_1_i/ClockDivider_0/U0/teller_reg[6]/R
                            (rising edge-triggered cell FDRE clocked by clk_out1_design_1_clk_wiz_0_1  {rise@0.000ns fall@50.000ns period=100.000ns})
  Path Group:             clk_out1_design_1_clk_wiz_0_1
  Path Type:              Setup (Max at Slow Process Corner)
  Requirement:            100.000ns  (clk_out1_design_1_clk_wiz_0_1 rise@100.000ns - clk_out1_design_1_clk_wiz_0_1 rise@0.000ns)
  Data Path Delay:        5.505ns  (logic 2.329ns (42.310%)  route 3.176ns (57.690%))
  Logic Levels:           8  (CARRY4=6 LUT6=2)
  Clock Path Skew:        0.000ns (DCD - SCD + CPR)
    Destination Clock Delay (DCD):    -1.495ns = ( 98.505 - 100.000 ) 
    Source Clock Delay      (SCD):    -0.865ns
    Clock Pessimism Removal (CPR):    0.630ns
  Clock Uncertainty:      0.105ns  ((TSJ^2 + DJ^2)^1/2) / 2 + PE
    Total System Jitter     (TSJ):    0.071ns
    Discrete Jitter          (DJ):    0.198ns
    Phase Error              (PE):    0.000ns

    Location             Delay type                Incr(ns)  Path(ns)    Netlist Resource(s)
  -------------------------------------------------------------------    -------------------
                         (clock clk_out1_design_1_clk_wiz_0_1 rise edge)
                                                      0.000     0.000 r  
    H16                                               0.000     0.000 r  clk_in_0 (IN)
                         net (fo=0)                   0.000     0.000    design_1_i/clk_wiz_0/inst/clk_in1
    H16                  IBUF (Prop_ibuf_I_O)         1.451     1.451 r  design_1_i/clk_wiz_0/inst/clkin1_ibufg/O
                         net (fo=1, routed)           1.285     2.736    design_1_i/clk_wiz_0/inst/clk_in1_design_1_clk_wiz_0_1
    MMCME2_ADV_X1Y2      MMCME2_ADV (Prop_mmcme2_adv_CLKIN1_CLKOUT0)
                                                     -7.759    -5.023 r  design_1_i/clk_wiz_0/inst/mmcm_adv_inst/CLKOUT0
                         net (fo=1, routed)           2.206    -2.817    design_1_i/clk_wiz_0/inst/clk_out1_design_1_clk_wiz_0_1
    BUFGCTRL_X0Y16       BUFG (Prop_bufg_I_O)         0.101    -2.716 r  design_1_i/clk_wiz_0/inst/clkout1_buf/O
                         net (fo=33, routed)          1.851    -0.865    design_1_i/ClockDivider_0/U0/clk_in
    SLICE_X111Y71        FDRE                                         r  design_1_i/ClockDivider_0/U0/teller_reg[5]/C
  -------------------------------------------------------------------    -------------------
    SLICE_X111Y71        FDRE (Prop_fdre_C_Q)         0.456    -0.409 r  design_1_i/ClockDivider_0/U0/teller_reg[5]/Q
                         net (fo=2, routed)           0.616     0.207    design_1_i/ClockDivider_0/U0/teller_reg[5]
    SLICE_X110Y71        CARRY4 (Prop_carry4_S[0]_CO[3])
                                                      0.656     0.863 r  design_1_i/ClockDivider_0/U0/teller_reg[0]_i_11/CO[3]
                         net (fo=1, routed)           0.000     0.863    design_1_i/ClockDivider_0/U0/teller_reg[0]_i_11_n_0
    SLICE_X110Y72        CARRY4 (Prop_carry4_CI_CO[3])
                                                      0.114     0.977 r  design_1_i/ClockDivider_0/U0/teller_reg[0]_i_12/CO[3]
                         net (fo=1, routed)           0.000     0.977    design_1_i/ClockDivider_0/U0/teller_reg[0]_i_12_n_0
    SLICE_X110Y73        CARRY4 (Prop_carry4_CI_CO[3])
                                                      0.114     1.091 r  design_1_i/ClockDivider_0/U0/teller_reg[0]_i_13/CO[3]
                         net (fo=1, routed)           0.000     1.091    design_1_i/ClockDivider_0/U0/teller_reg[0]_i_13_n_0
    SLICE_X110Y74        CARRY4 (Prop_carry4_CI_CO[3])
                                                      0.114     1.205 r  design_1_i/ClockDivider_0/U0/teller_reg[0]_i_14/CO[3]
                         net (fo=1, routed)           0.009     1.214    design_1_i/ClockDivider_0/U0/teller_reg[0]_i_14_n_0
    SLICE_X110Y75        CARRY4 (Prop_carry4_CI_CO[3])
                                                      0.114     1.328 r  design_1_i/ClockDivider_0/U0/teller_reg[0]_i_15/CO[3]
                         net (fo=1, routed)           0.000     1.328    design_1_i/ClockDivider_0/U0/teller_reg[0]_i_15_n_0
    SLICE_X110Y76        CARRY4 (Prop_carry4_CI_O[1])
                                                      0.334     1.662 f  design_1_i/ClockDivider_0/U0/teller_reg[0]_i_16/O[1]
                         net (fo=1, routed)           0.837     2.499    design_1_i/ClockDivider_0/U0/plusOp[26]
    SLICE_X112Y75        LUT6 (Prop_lut6_I4_O)        0.303     2.802 r  design_1_i/ClockDivider_0/U0/teller[0]_i_7/O
                         net (fo=1, routed)           0.839     3.641    design_1_i/ClockDivider_0/U0/teller[0]_i_7_n_0
    SLICE_X112Y74        LUT6 (Prop_lut6_I4_O)        0.124     3.765 r  design_1_i/ClockDivider_0/U0/teller[0]_i_1/O
                         net (fo=33, routed)          0.875     4.639    design_1_i/ClockDivider_0/U0/clear
    SLICE_X111Y71        FDRE                                         r  design_1_i/ClockDivider_0/U0/teller_reg[6]/R
  -------------------------------------------------------------------    -------------------

                         (clock clk_out1_design_1_clk_wiz_0_1 rise edge)
                                                    100.000   100.000 r  
    H16                                               0.000   100.000 r  clk_in_0 (IN)
                         net (fo=0)                   0.000   100.000    design_1_i/clk_wiz_0/inst/clk_in1
    H16                  IBUF (Prop_ibuf_I_O)         1.380   101.380 r  design_1_i/clk_wiz_0/inst/clkin1_ibufg/O
                         net (fo=1, routed)           1.162   102.542    design_1_i/clk_wiz_0/inst/clk_in1_design_1_clk_wiz_0_1
    MMCME2_ADV_X1Y2      MMCME2_ADV (Prop_mmcme2_adv_CLKIN1_CLKOUT0)
                                                     -7.814    94.728 r  design_1_i/clk_wiz_0/inst/mmcm_adv_inst/CLKOUT0
                         net (fo=1, routed)           2.012    96.740    design_1_i/clk_wiz_0/inst/clk_out1_design_1_clk_wiz_0_1
    BUFGCTRL_X0Y16       BUFG (Prop_bufg_I_O)         0.091    96.831 r  design_1_i/clk_wiz_0/inst/clkout1_buf/O
                         net (fo=33, routed)          1.674    98.505    design_1_i/ClockDivider_0/U0/clk_in
    SLICE_X111Y71        FDRE                                         r  design_1_i/ClockDivider_0/U0/teller_reg[6]/C
                         clock pessimism              0.630    99.135    
                         clock uncertainty           -0.105    99.030    
    SLICE_X111Y71        FDRE (Setup_fdre_C_R)       -0.429    98.601    design_1_i/ClockDivider_0/U0/teller_reg[6]
  -------------------------------------------------------------------
                         required time                         98.601    
                         arrival time                          -4.639    
  -------------------------------------------------------------------
                         slack                                 93.961    

Slack (MET) :             93.961ns  (required time - arrival time)
  Source:                 design_1_i/ClockDivider_0/U0/teller_reg[5]/C
                            (rising edge-triggered cell FDRE clocked by clk_out1_design_1_clk_wiz_0_1  {rise@0.000ns fall@50.000ns period=100.000ns})
  Destination:            design_1_i/ClockDivider_0/U0/teller_reg[7]/R
                            (rising edge-triggered cell FDRE clocked by clk_out1_design_1_clk_wiz_0_1  {rise@0.000ns fall@50.000ns period=100.000ns})
  Path Group:             clk_out1_design_1_clk_wiz_0_1
  Path Type:              Setup (Max at Slow Process Corner)
  Requirement:            100.000ns  (clk_out1_design_1_clk_wiz_0_1 rise@100.000ns - clk_out1_design_1_clk_wiz_0_1 rise@0.000ns)
  Data Path Delay:        5.505ns  (logic 2.329ns (42.310%)  route 3.176ns (57.690%))
  Logic Levels:           8  (CARRY4=6 LUT6=2)
  Clock Path Skew:        0.000ns (DCD - SCD + CPR)
    Destination Clock Delay (DCD):    -1.495ns = ( 98.505 - 100.000 ) 
    Source Clock Delay      (SCD):    -0.865ns
    Clock Pessimism Removal (CPR):    0.630ns
  Clock Uncertainty:      0.105ns  ((TSJ^2 + DJ^2)^1/2) / 2 + PE
    Total System Jitter     (TSJ):    0.071ns
    Discrete Jitter          (DJ):    0.198ns
    Phase Error              (PE):    0.000ns

    Location             Delay type                Incr(ns)  Path(ns)    Netlist Resource(s)
  -------------------------------------------------------------------    -------------------
                         (clock clk_out1_design_1_clk_wiz_0_1 rise edge)
                                                      0.000     0.000 r  
    H16                                               0.000     0.000 r  clk_in_0 (IN)
                         net (fo=0)                   0.000     0.000    design_1_i/clk_wiz_0/inst/clk_in1
    H16                  IBUF (Prop_ibuf_I_O)         1.451     1.451 r  design_1_i/clk_wiz_0/inst/clkin1_ibufg/O
                         net (fo=1, routed)           1.285     2.736    design_1_i/clk_wiz_0/inst/clk_in1_design_1_clk_wiz_0_1
    MMCME2_ADV_X1Y2      MMCME2_ADV (Prop_mmcme2_adv_CLKIN1_CLKOUT0)
                                                     -7.759    -5.023 r  design_1_i/clk_wiz_0/inst/mmcm_adv_inst/CLKOUT0
                         net (fo=1, routed)           2.206    -2.817    design_1_i/clk_wiz_0/inst/clk_out1_design_1_clk_wiz_0_1
    BUFGCTRL_X0Y16       BUFG (Prop_bufg_I_O)         0.101    -2.716 r  design_1_i/clk_wiz_0/inst/clkout1_buf/O
                         net (fo=33, routed)          1.851    -0.865    design_1_i/ClockDivider_0/U0/clk_in
    SLICE_X111Y71        FDRE                                         r  design_1_i/ClockDivider_0/U0/teller_reg[5]/C
  -------------------------------------------------------------------    -------------------
    SLICE_X111Y71        FDRE (Prop_fdre_C_Q)         0.456    -0.409 r  design_1_i/ClockDivider_0/U0/teller_reg[5]/Q
                         net (fo=2, routed)           0.616     0.207    design_1_i/ClockDivider_0/U0/teller_reg[5]
    SLICE_X110Y71        CARRY4 (Prop_carry4_S[0]_CO[3])
                                                      0.656     0.863 r  design_1_i/ClockDivider_0/U0/teller_reg[0]_i_11/CO[3]
                         net (fo=1, routed)           0.000     0.863    design_1_i/ClockDivider_0/U0/teller_reg[0]_i_11_n_0
    SLICE_X110Y72        CARRY4 (Prop_carry4_CI_CO[3])
                                                      0.114     0.977 r  design_1_i/ClockDivider_0/U0/teller_reg[0]_i_12/CO[3]
                         net (fo=1, routed)           0.000     0.977    design_1_i/ClockDivider_0/U0/teller_reg[0]_i_12_n_0
    SLICE_X110Y73        CARRY4 (Prop_carry4_CI_CO[3])
                                                      0.114     1.091 r  design_1_i/ClockDivider_0/U0/teller_reg[0]_i_13/CO[3]
                         net (fo=1, routed)           0.000     1.091    design_1_i/ClockDivider_0/U0/teller_reg[0]_i_13_n_0
    SLICE_X110Y74        CARRY4 (Prop_carry4_CI_CO[3])
                                                      0.114     1.205 r  design_1_i/ClockDivider_0/U0/teller_reg[0]_i_14/CO[3]
                         net (fo=1, routed)           0.009     1.214    design_1_i/ClockDivider_0/U0/teller_reg[0]_i_14_n_0
    SLICE_X110Y75        CARRY4 (Prop_carry4_CI_CO[3])
                                                      0.114     1.328 r  design_1_i/ClockDivider_0/U0/teller_reg[0]_i_15/CO[3]
                         net (fo=1, routed)           0.000     1.328    design_1_i/ClockDivider_0/U0/teller_reg[0]_i_15_n_0
    SLICE_X110Y76        CARRY4 (Prop_carry4_CI_O[1])
                                                      0.334     1.662 f  design_1_i/ClockDivider_0/U0/teller_reg[0]_i_16/O[1]
                         net (fo=1, routed)           0.837     2.499    design_1_i/ClockDivider_0/U0/plusOp[26]
    SLICE_X112Y75        LUT6 (Prop_lut6_I4_O)        0.303     2.802 r  design_1_i/ClockDivider_0/U0/teller[0]_i_7/O
                         net (fo=1, routed)           0.839     3.641    design_1_i/ClockDivider_0/U0/teller[0]_i_7_n_0
    SLICE_X112Y74        LUT6 (Prop_lut6_I4_O)        0.124     3.765 r  design_1_i/ClockDivider_0/U0/teller[0]_i_1/O
                         net (fo=33, routed)          0.875     4.639    design_1_i/ClockDivider_0/U0/clear
    SLICE_X111Y71        FDRE                                         r  design_1_i/ClockDivider_0/U0/teller_reg[7]/R
  -------------------------------------------------------------------    -------------------

                         (clock clk_out1_design_1_clk_wiz_0_1 rise edge)
                                                    100.000   100.000 r  
    H16                                               0.000   100.000 r  clk_in_0 (IN)
                         net (fo=0)                   0.000   100.000    design_1_i/clk_wiz_0/inst/clk_in1
    H16                  IBUF (Prop_ibuf_I_O)         1.380   101.380 r  design_1_i/clk_wiz_0/inst/clkin1_ibufg/O
                         net (fo=1, routed)           1.162   102.542    design_1_i/clk_wiz_0/inst/clk_in1_design_1_clk_wiz_0_1
    MMCME2_ADV_X1Y2      MMCME2_ADV (Prop_mmcme2_adv_CLKIN1_CLKOUT0)
                                                     -7.814    94.728 r  design_1_i/clk_wiz_0/inst/mmcm_adv_inst/CLKOUT0
                         net (fo=1, routed)           2.012    96.740    design_1_i/clk_wiz_0/inst/clk_out1_design_1_clk_wiz_0_1
    BUFGCTRL_X0Y16       BUFG (Prop_bufg_I_O)         0.091    96.831 r  design_1_i/clk_wiz_0/inst/clkout1_buf/O
                         net (fo=33, routed)          1.674    98.505    design_1_i/ClockDivider_0/U0/clk_in
    SLICE_X111Y71        FDRE                                         r  design_1_i/ClockDivider_0/U0/teller_reg[7]/C
                         clock pessimism              0.630    99.135    
                         clock uncertainty           -0.105    99.030    
    SLICE_X111Y71        FDRE (Setup_fdre_C_R)       -0.429    98.601    design_1_i/ClockDivider_0/U0/teller_reg[7]
  -------------------------------------------------------------------
                         required time                         98.601    
                         arrival time                          -4.639    
  -------------------------------------------------------------------
                         slack                                 93.961    

Slack (MET) :             93.985ns  (required time - arrival time)
  Source:                 design_1_i/ClockDivider_0/U0/teller_reg[5]/C
                            (rising edge-triggered cell FDRE clocked by clk_out1_design_1_clk_wiz_0_1  {rise@0.000ns fall@50.000ns period=100.000ns})
  Destination:            design_1_i/ClockDivider_0/U0/teller_reg[10]/R
                            (rising edge-triggered cell FDRE clocked by clk_out1_design_1_clk_wiz_0_1  {rise@0.000ns fall@50.000ns period=100.000ns})
  Path Group:             clk_out1_design_1_clk_wiz_0_1
  Path Type:              Setup (Max at Slow Process Corner)
  Requirement:            100.000ns  (clk_out1_design_1_clk_wiz_0_1 rise@100.000ns - clk_out1_design_1_clk_wiz_0_1 rise@0.000ns)
  Data Path Delay:        5.456ns  (logic 2.329ns (42.690%)  route 3.127ns (57.310%))
  Logic Levels:           8  (CARRY4=6 LUT6=2)
  Clock Path Skew:        -0.025ns (DCD - SCD + CPR)
    Destination Clock Delay (DCD):    -1.497ns = ( 98.503 - 100.000 ) 
    Source Clock Delay      (SCD):    -0.865ns
    Clock Pessimism Removal (CPR):    0.607ns
  Clock Uncertainty:      0.105ns  ((TSJ^2 + DJ^2)^1/2) / 2 + PE
    Total System Jitter     (TSJ):    0.071ns
    Discrete Jitter          (DJ):    0.198ns
    Phase Error              (PE):    0.000ns

    Location             Delay type                Incr(ns)  Path(ns)    Netlist Resource(s)
  -------------------------------------------------------------------    -------------------
                         (clock clk_out1_design_1_clk_wiz_0_1 rise edge)
                                                      0.000     0.000 r  
    H16                                               0.000     0.000 r  clk_in_0 (IN)
                         net (fo=0)                   0.000     0.000    design_1_i/clk_wiz_0/inst/clk_in1
    H16                  IBUF (Prop_ibuf_I_O)         1.451     1.451 r  design_1_i/clk_wiz_0/inst/clkin1_ibufg/O
                         net (fo=1, routed)           1.285     2.736    design_1_i/clk_wiz_0/inst/clk_in1_design_1_clk_wiz_0_1
    MMCME2_ADV_X1Y2      MMCME2_ADV (Prop_mmcme2_adv_CLKIN1_CLKOUT0)
                                                     -7.759    -5.023 r  design_1_i/clk_wiz_0/inst/mmcm_adv_inst/CLKOUT0
                         net (fo=1, routed)           2.206    -2.817    design_1_i/clk_wiz_0/inst/clk_out1_design_1_clk_wiz_0_1
    BUFGCTRL_X0Y16       BUFG (Prop_bufg_I_O)         0.101    -2.716 r  design_1_i/clk_wiz_0/inst/clkout1_buf/O
                         net (fo=33, routed)          1.851    -0.865    design_1_i/ClockDivider_0/U0/clk_in
    SLICE_X111Y71        FDRE                                         r  design_1_i/ClockDivider_0/U0/teller_reg[5]/C
  -------------------------------------------------------------------    -------------------
    SLICE_X111Y71        FDRE (Prop_fdre_C_Q)         0.456    -0.409 r  design_1_i/ClockDivider_0/U0/teller_reg[5]/Q
                         net (fo=2, routed)           0.616     0.207    design_1_i/ClockDivider_0/U0/teller_reg[5]
    SLICE_X110Y71        CARRY4 (Prop_carry4_S[0]_CO[3])
                                                      0.656     0.863 r  design_1_i/ClockDivider_0/U0/teller_reg[0]_i_11/CO[3]
                         net (fo=1, routed)           0.000     0.863    design_1_i/ClockDivider_0/U0/teller_reg[0]_i_11_n_0
    SLICE_X110Y72        CARRY4 (Prop_carry4_CI_CO[3])
                                                      0.114     0.977 r  design_1_i/ClockDivider_0/U0/teller_reg[0]_i_12/CO[3]
                         net (fo=1, routed)           0.000     0.977    design_1_i/ClockDivider_0/U0/teller_reg[0]_i_12_n_0
    SLICE_X110Y73        CARRY4 (Prop_carry4_CI_CO[3])
                                                      0.114     1.091 r  design_1_i/ClockDivider_0/U0/teller_reg[0]_i_13/CO[3]
                         net (fo=1, routed)           0.000     1.091    design_1_i/ClockDivider_0/U0/teller_reg[0]_i_13_n_0
    SLICE_X110Y74        CARRY4 (Prop_carry4_CI_CO[3])
                                                      0.114     1.205 r  design_1_i/ClockDivider_0/U0/teller_reg[0]_i_14/CO[3]
                         net (fo=1, routed)           0.009     1.214    design_1_i/ClockDivider_0/U0/teller_reg[0]_i_14_n_0
    SLICE_X110Y75        CARRY4 (Prop_carry4_CI_CO[3])
                                                      0.114     1.328 r  design_1_i/ClockDivider_0/U0/teller_reg[0]_i_15/CO[3]
                         net (fo=1, routed)           0.000     1.328    design_1_i/ClockDivider_0/U0/teller_reg[0]_i_15_n_0
    SLICE_X110Y76        CARRY4 (Prop_carry4_CI_O[1])
                                                      0.334     1.662 f  design_1_i/ClockDivider_0/U0/teller_reg[0]_i_16/O[1]
                         net (fo=1, routed)           0.837     2.499    design_1_i/ClockDivider_0/U0/plusOp[26]
    SLICE_X112Y75        LUT6 (Prop_lut6_I4_O)        0.303     2.802 r  design_1_i/ClockDivider_0/U0/teller[0]_i_7/O
                         net (fo=1, routed)           0.839     3.641    design_1_i/ClockDivider_0/U0/teller[0]_i_7_n_0
    SLICE_X112Y74        LUT6 (Prop_lut6_I4_O)        0.124     3.765 r  design_1_i/ClockDivider_0/U0/teller[0]_i_1/O
                         net (fo=33, routed)          0.826     4.590    design_1_i/ClockDivider_0/U0/clear
    SLICE_X111Y72        FDRE                                         r  design_1_i/ClockDivider_0/U0/teller_reg[10]/R
  -------------------------------------------------------------------    -------------------

                         (clock clk_out1_design_1_clk_wiz_0_1 rise edge)
                                                    100.000   100.000 r  
    H16                                               0.000   100.000 r  clk_in_0 (IN)
                         net (fo=0)                   0.000   100.000    design_1_i/clk_wiz_0/inst/clk_in1
    H16                  IBUF (Prop_ibuf_I_O)         1.380   101.380 r  design_1_i/clk_wiz_0/inst/clkin1_ibufg/O
                         net (fo=1, routed)           1.162   102.542    design_1_i/clk_wiz_0/inst/clk_in1_design_1_clk_wiz_0_1
    MMCME2_ADV_X1Y2      MMCME2_ADV (Prop_mmcme2_adv_CLKIN1_CLKOUT0)
                                                     -7.814    94.728 r  design_1_i/clk_wiz_0/inst/mmcm_adv_inst/CLKOUT0
                         net (fo=1, routed)           2.012    96.740    design_1_i/clk_wiz_0/inst/clk_out1_design_1_clk_wiz_0_1
    BUFGCTRL_X0Y16       BUFG (Prop_bufg_I_O)         0.091    96.831 r  design_1_i/clk_wiz_0/inst/clkout1_buf/O
                         net (fo=33, routed)          1.672    98.503    design_1_i/ClockDivider_0/U0/clk_in
    SLICE_X111Y72        FDRE                                         r  design_1_i/ClockDivider_0/U0/teller_reg[10]/C
                         clock pessimism              0.607    99.110    
                         clock uncertainty           -0.105    99.005    
    SLICE_X111Y72        FDRE (Setup_fdre_C_R)       -0.429    98.576    design_1_i/ClockDivider_0/U0/teller_reg[10]
  -------------------------------------------------------------------
                         required time                         98.576    
                         arrival time                          -4.590    
  -------------------------------------------------------------------
                         slack                                 93.985    

Slack (MET) :             93.985ns  (required time - arrival time)
  Source:                 design_1_i/ClockDivider_0/U0/teller_reg[5]/C
                            (rising edge-triggered cell FDRE clocked by clk_out1_design_1_clk_wiz_0_1  {rise@0.000ns fall@50.000ns period=100.000ns})
  Destination:            design_1_i/ClockDivider_0/U0/teller_reg[11]/R
                            (rising edge-triggered cell FDRE clocked by clk_out1_design_1_clk_wiz_0_1  {rise@0.000ns fall@50.000ns period=100.000ns})
  Path Group:             clk_out1_design_1_clk_wiz_0_1
  Path Type:              Setup (Max at Slow Process Corner)
  Requirement:            100.000ns  (clk_out1_design_1_clk_wiz_0_1 rise@100.000ns - clk_out1_design_1_clk_wiz_0_1 rise@0.000ns)
  Data Path Delay:        5.456ns  (logic 2.329ns (42.690%)  route 3.127ns (57.310%))
  Logic Levels:           8  (CARRY4=6 LUT6=2)
  Clock Path Skew:        -0.025ns (DCD - SCD + CPR)
    Destination Clock Delay (DCD):    -1.497ns = ( 98.503 - 100.000 ) 
    Source Clock Delay      (SCD):    -0.865ns
    Clock Pessimism Removal (CPR):    0.607ns
  Clock Uncertainty:      0.105ns  ((TSJ^2 + DJ^2)^1/2) / 2 + PE
    Total System Jitter     (TSJ):    0.071ns
    Discrete Jitter          (DJ):    0.198ns
    Phase Error              (PE):    0.000ns

    Location             Delay type                Incr(ns)  Path(ns)    Netlist Resource(s)
  -------------------------------------------------------------------    -------------------
                         (clock clk_out1_design_1_clk_wiz_0_1 rise edge)
                                                      0.000     0.000 r  
    H16                                               0.000     0.000 r  clk_in_0 (IN)
                         net (fo=0)                   0.000     0.000    design_1_i/clk_wiz_0/inst/clk_in1
    H16                  IBUF (Prop_ibuf_I_O)         1.451     1.451 r  design_1_i/clk_wiz_0/inst/clkin1_ibufg/O
                         net (fo=1, routed)           1.285     2.736    design_1_i/clk_wiz_0/inst/clk_in1_design_1_clk_wiz_0_1
    MMCME2_ADV_X1Y2      MMCME2_ADV (Prop_mmcme2_adv_CLKIN1_CLKOUT0)
                                                     -7.759    -5.023 r  design_1_i/clk_wiz_0/inst/mmcm_adv_inst/CLKOUT0
                         net (fo=1, routed)           2.206    -2.817    design_1_i/clk_wiz_0/inst/clk_out1_design_1_clk_wiz_0_1
    BUFGCTRL_X0Y16       BUFG (Prop_bufg_I_O)         0.101    -2.716 r  design_1_i/clk_wiz_0/inst/clkout1_buf/O
                         net (fo=33, routed)          1.851    -0.865    design_1_i/ClockDivider_0/U0/clk_in
    SLICE_X111Y71        FDRE                                         r  design_1_i/ClockDivider_0/U0/teller_reg[5]/C
  -------------------------------------------------------------------    -------------------
    SLICE_X111Y71        FDRE (Prop_fdre_C_Q)         0.456    -0.409 r  design_1_i/ClockDivider_0/U0/teller_reg[5]/Q
                         net (fo=2, routed)           0.616     0.207    design_1_i/ClockDivider_0/U0/teller_reg[5]
    SLICE_X110Y71        CARRY4 (Prop_carry4_S[0]_CO[3])
                                                      0.656     0.863 r  design_1_i/ClockDivider_0/U0/teller_reg[0]_i_11/CO[3]
                         net (fo=1, routed)           0.000     0.863    design_1_i/ClockDivider_0/U0/teller_reg[0]_i_11_n_0
    SLICE_X110Y72        CARRY4 (Prop_carry4_CI_CO[3])
                                                      0.114     0.977 r  design_1_i/ClockDivider_0/U0/teller_reg[0]_i_12/CO[3]
                         net (fo=1, routed)           0.000     0.977    design_1_i/ClockDivider_0/U0/teller_reg[0]_i_12_n_0
    SLICE_X110Y73        CARRY4 (Prop_carry4_CI_CO[3])
                                                      0.114     1.091 r  design_1_i/ClockDivider_0/U0/teller_reg[0]_i_13/CO[3]
                         net (fo=1, routed)           0.000     1.091    design_1_i/ClockDivider_0/U0/teller_reg[0]_i_13_n_0
    SLICE_X110Y74        CARRY4 (Prop_carry4_CI_CO[3])
                                                      0.114     1.205 r  design_1_i/ClockDivider_0/U0/teller_reg[0]_i_14/CO[3]
                         net (fo=1, routed)           0.009     1.214    design_1_i/ClockDivider_0/U0/teller_reg[0]_i_14_n_0
    SLICE_X110Y75        CARRY4 (Prop_carry4_CI_CO[3])
                                                      0.114     1.328 r  design_1_i/ClockDivider_0/U0/teller_reg[0]_i_15/CO[3]
                         net (fo=1, routed)           0.000     1.328    design_1_i/ClockDivider_0/U0/teller_reg[0]_i_15_n_0
    SLICE_X110Y76        CARRY4 (Prop_carry4_CI_O[1])
                                                      0.334     1.662 f  design_1_i/ClockDivider_0/U0/teller_reg[0]_i_16/O[1]
                         net (fo=1, routed)           0.837     2.499    design_1_i/ClockDivider_0/U0/plusOp[26]
    SLICE_X112Y75        LUT6 (Prop_lut6_I4_O)        0.303     2.802 r  design_1_i/ClockDivider_0/U0/teller[0]_i_7/O
                         net (fo=1, routed)           0.839     3.641    design_1_i/ClockDivider_0/U0/teller[0]_i_7_n_0
    SLICE_X112Y74        LUT6 (Prop_lut6_I4_O)        0.124     3.765 r  design_1_i/ClockDivider_0/U0/teller[0]_i_1/O
                         net (fo=33, routed)          0.826     4.590    design_1_i/ClockDivider_0/U0/clear
    SLICE_X111Y72        FDRE                                         r  design_1_i/ClockDivider_0/U0/teller_reg[11]/R
  -------------------------------------------------------------------    -------------------

                         (clock clk_out1_design_1_clk_wiz_0_1 rise edge)
                                                    100.000   100.000 r  
    H16                                               0.000   100.000 r  clk_in_0 (IN)
                         net (fo=0)                   0.000   100.000    design_1_i/clk_wiz_0/inst/clk_in1
    H16                  IBUF (Prop_ibuf_I_O)         1.380   101.380 r  design_1_i/clk_wiz_0/inst/clkin1_ibufg/O
                         net (fo=1, routed)           1.162   102.542    design_1_i/clk_wiz_0/inst/clk_in1_design_1_clk_wiz_0_1
    MMCME2_ADV_X1Y2      MMCME2_ADV (Prop_mmcme2_adv_CLKIN1_CLKOUT0)
                                                     -7.814    94.728 r  design_1_i/clk_wiz_0/inst/mmcm_adv_inst/CLKOUT0
                         net (fo=1, routed)           2.012    96.740    design_1_i/clk_wiz_0/inst/clk_out1_design_1_clk_wiz_0_1
    BUFGCTRL_X0Y16       BUFG (Prop_bufg_I_O)         0.091    96.831 r  design_1_i/clk_wiz_0/inst/clkout1_buf/O
                         net (fo=33, routed)          1.672    98.503    design_1_i/ClockDivider_0/U0/clk_in
    SLICE_X111Y72        FDRE                                         r  design_1_i/ClockDivider_0/U0/teller_reg[11]/C
                         clock pessimism              0.607    99.110    
                         clock uncertainty           -0.105    99.005    
    SLICE_X111Y72        FDRE (Setup_fdre_C_R)       -0.429    98.576    design_1_i/ClockDivider_0/U0/teller_reg[11]
  -------------------------------------------------------------------
                         required time                         98.576    
                         arrival time                          -4.590    
  -------------------------------------------------------------------
                         slack                                 93.985    





Min Delay Paths
--------------------------------------------------------------------------------------
Slack (MET) :             0.263ns  (arrival time - required time)
  Source:                 design_1_i/ClockDivider_0/U0/teller_reg[15]/C
                            (rising edge-triggered cell FDRE clocked by clk_out1_design_1_clk_wiz_0_1  {rise@0.000ns fall@50.000ns period=100.000ns})
  Destination:            design_1_i/ClockDivider_0/U0/teller_reg[15]/D
                            (rising edge-triggered cell FDRE clocked by clk_out1_design_1_clk_wiz_0_1  {rise@0.000ns fall@50.000ns period=100.000ns})
  Path Group:             clk_out1_design_1_clk_wiz_0_1
  Path Type:              Hold (Min at Fast Process Corner)
  Requirement:            0.000ns  (clk_out1_design_1_clk_wiz_0_1 rise@0.000ns - clk_out1_design_1_clk_wiz_0_1 rise@0.000ns)
  Data Path Delay:        0.368ns  (logic 0.249ns (67.650%)  route 0.119ns (32.350%))
  Logic Levels:           1  (CARRY4=1)
  Clock Path Skew:        0.000ns (DCD - SCD - CPR)
    Destination Clock Delay (DCD):    -0.847ns
    Source Clock Delay      (SCD):    -0.607ns
    Clock Pessimism Removal (CPR):    -0.239ns

    Location             Delay type                Incr(ns)  Path(ns)    Netlist Resource(s)
  -------------------------------------------------------------------    -------------------
                         (clock clk_out1_design_1_clk_wiz_0_1 rise edge)
                                                      0.000     0.000 r  
    H16                                               0.000     0.000 r  clk_in_0 (IN)
                         net (fo=0)                   0.000     0.000    design_1_i/clk_wiz_0/inst/clk_in1
    H16                  IBUF (Prop_ibuf_I_O)         0.219     0.219 r  design_1_i/clk_wiz_0/inst/clkin1_ibufg/O
                         net (fo=1, routed)           0.440     0.659    design_1_i/clk_wiz_0/inst/clk_in1_design_1_clk_wiz_0_1
    MMCME2_ADV_X1Y2      MMCME2_ADV (Prop_mmcme2_adv_CLKIN1_CLKOUT0)
                                                     -2.613    -1.954 r  design_1_i/clk_wiz_0/inst/mmcm_adv_inst/CLKOUT0
                         net (fo=1, routed)           0.696    -1.257    design_1_i/clk_wiz_0/inst/clk_out1_design_1_clk_wiz_0_1
    BUFGCTRL_X0Y16       BUFG (Prop_bufg_I_O)         0.026    -1.231 r  design_1_i/clk_wiz_0/inst/clkout1_buf/O
                         net (fo=33, routed)          0.624    -0.607    design_1_i/ClockDivider_0/U0/clk_in
    SLICE_X111Y73        FDRE                                         r  design_1_i/ClockDivider_0/U0/teller_reg[15]/C
  -------------------------------------------------------------------    -------------------
    SLICE_X111Y73        FDRE (Prop_fdre_C_Q)         0.141    -0.466 r  design_1_i/ClockDivider_0/U0/teller_reg[15]/Q
                         net (fo=2, routed)           0.119    -0.347    design_1_i/ClockDivider_0/U0/teller_reg[15]
    SLICE_X111Y73        CARRY4 (Prop_carry4_S[3]_O[3])
                                                      0.108    -0.239 r  design_1_i/ClockDivider_0/U0/teller_reg[12]_i_1/O[3]
                         net (fo=1, routed)           0.000    -0.239    design_1_i/ClockDivider_0/U0/teller_reg[12]_i_1_n_4
    SLICE_X111Y73        FDRE                                         r  design_1_i/ClockDivider_0/U0/teller_reg[15]/D
  -------------------------------------------------------------------    -------------------

                         (clock clk_out1_design_1_clk_wiz_0_1 rise edge)
                                                      0.000     0.000 r  
    H16                                               0.000     0.000 r  clk_in_0 (IN)
                         net (fo=0)                   0.000     0.000    design_1_i/clk_wiz_0/inst/clk_in1
    H16                  IBUF (Prop_ibuf_I_O)         0.406     0.406 r  design_1_i/clk_wiz_0/inst/clkin1_ibufg/O
                         net (fo=1, routed)           0.480     0.886    design_1_i/clk_wiz_0/inst/clk_in1_design_1_clk_wiz_0_1
    MMCME2_ADV_X1Y2      MMCME2_ADV (Prop_mmcme2_adv_CLKIN1_CLKOUT0)
                                                     -3.407    -2.521 r  design_1_i/clk_wiz_0/inst/mmcm_adv_inst/CLKOUT0
                         net (fo=1, routed)           0.752    -1.769    design_1_i/clk_wiz_0/inst/clk_out1_design_1_clk_wiz_0_1
    BUFGCTRL_X0Y16       BUFG (Prop_bufg_I_O)         0.029    -1.740 r  design_1_i/clk_wiz_0/inst/clkout1_buf/O
                         net (fo=33, routed)          0.893    -0.847    design_1_i/ClockDivider_0/U0/clk_in
    SLICE_X111Y73        FDRE                                         r  design_1_i/ClockDivider_0/U0/teller_reg[15]/C
                         clock pessimism              0.239    -0.607    
    SLICE_X111Y73        FDRE (Hold_fdre_C_D)         0.105    -0.502    design_1_i/ClockDivider_0/U0/teller_reg[15]
  -------------------------------------------------------------------
                         required time                          0.502    
                         arrival time                          -0.239    
  -------------------------------------------------------------------
                         slack                                  0.263    

Slack (MET) :             0.263ns  (arrival time - required time)
  Source:                 design_1_i/ClockDivider_0/U0/teller_reg[19]/C
                            (rising edge-triggered cell FDRE clocked by clk_out1_design_1_clk_wiz_0_1  {rise@0.000ns fall@50.000ns period=100.000ns})
  Destination:            design_1_i/ClockDivider_0/U0/teller_reg[19]/D
                            (rising edge-triggered cell FDRE clocked by clk_out1_design_1_clk_wiz_0_1  {rise@0.000ns fall@50.000ns period=100.000ns})
  Path Group:             clk_out1_design_1_clk_wiz_0_1
  Path Type:              Hold (Min at Fast Process Corner)
  Requirement:            0.000ns  (clk_out1_design_1_clk_wiz_0_1 rise@0.000ns - clk_out1_design_1_clk_wiz_0_1 rise@0.000ns)
  Data Path Delay:        0.368ns  (logic 0.249ns (67.650%)  route 0.119ns (32.350%))
  Logic Levels:           1  (CARRY4=1)
  Clock Path Skew:        0.000ns (DCD - SCD - CPR)
    Destination Clock Delay (DCD):    -0.848ns
    Source Clock Delay      (SCD):    -0.608ns
    Clock Pessimism Removal (CPR):    -0.239ns

    Location             Delay type                Incr(ns)  Path(ns)    Netlist Resource(s)
  -------------------------------------------------------------------    -------------------
                         (clock clk_out1_design_1_clk_wiz_0_1 rise edge)
                                                      0.000     0.000 r  
    H16                                               0.000     0.000 r  clk_in_0 (IN)
                         net (fo=0)                   0.000     0.000    design_1_i/clk_wiz_0/inst/clk_in1
    H16                  IBUF (Prop_ibuf_I_O)         0.219     0.219 r  design_1_i/clk_wiz_0/inst/clkin1_ibufg/O
                         net (fo=1, routed)           0.440     0.659    design_1_i/clk_wiz_0/inst/clk_in1_design_1_clk_wiz_0_1
    MMCME2_ADV_X1Y2      MMCME2_ADV (Prop_mmcme2_adv_CLKIN1_CLKOUT0)
                                                     -2.613    -1.954 r  design_1_i/clk_wiz_0/inst/mmcm_adv_inst/CLKOUT0
                         net (fo=1, routed)           0.696    -1.257    design_1_i/clk_wiz_0/inst/clk_out1_design_1_clk_wiz_0_1
    BUFGCTRL_X0Y16       BUFG (Prop_bufg_I_O)         0.026    -1.231 r  design_1_i/clk_wiz_0/inst/clkout1_buf/O
                         net (fo=33, routed)          0.623    -0.608    design_1_i/ClockDivider_0/U0/clk_in
    SLICE_X111Y74        FDRE                                         r  design_1_i/ClockDivider_0/U0/teller_reg[19]/C
  -------------------------------------------------------------------    -------------------
    SLICE_X111Y74        FDRE (Prop_fdre_C_Q)         0.141    -0.467 r  design_1_i/ClockDivider_0/U0/teller_reg[19]/Q
                         net (fo=2, routed)           0.119    -0.348    design_1_i/ClockDivider_0/U0/teller_reg[19]
    SLICE_X111Y74        CARRY4 (Prop_carry4_S[3]_O[3])
                                                      0.108    -0.240 r  design_1_i/ClockDivider_0/U0/teller_reg[16]_i_1/O[3]
                         net (fo=1, routed)           0.000    -0.240    design_1_i/ClockDivider_0/U0/teller_reg[16]_i_1_n_4
    SLICE_X111Y74        FDRE                                         r  design_1_i/ClockDivider_0/U0/teller_reg[19]/D
  -------------------------------------------------------------------    -------------------

                         (clock clk_out1_design_1_clk_wiz_0_1 rise edge)
                                                      0.000     0.000 r  
    H16                                               0.000     0.000 r  clk_in_0 (IN)
                         net (fo=0)                   0.000     0.000    design_1_i/clk_wiz_0/inst/clk_in1
    H16                  IBUF (Prop_ibuf_I_O)         0.406     0.406 r  design_1_i/clk_wiz_0/inst/clkin1_ibufg/O
                         net (fo=1, routed)           0.480     0.886    design_1_i/clk_wiz_0/inst/clk_in1_design_1_clk_wiz_0_1
    MMCME2_ADV_X1Y2      MMCME2_ADV (Prop_mmcme2_adv_CLKIN1_CLKOUT0)
                                                     -3.407    -2.521 r  design_1_i/clk_wiz_0/inst/mmcm_adv_inst/CLKOUT0
                         net (fo=1, routed)           0.752    -1.769    design_1_i/clk_wiz_0/inst/clk_out1_design_1_clk_wiz_0_1
    BUFGCTRL_X0Y16       BUFG (Prop_bufg_I_O)         0.029    -1.740 r  design_1_i/clk_wiz_0/inst/clkout1_buf/O
                         net (fo=33, routed)          0.892    -0.848    design_1_i/ClockDivider_0/U0/clk_in
    SLICE_X111Y74        FDRE                                         r  design_1_i/ClockDivider_0/U0/teller_reg[19]/C
                         clock pessimism              0.239    -0.608    
    SLICE_X111Y74        FDRE (Hold_fdre_C_D)         0.105    -0.503    design_1_i/ClockDivider_0/U0/teller_reg[19]
  -------------------------------------------------------------------
                         required time                          0.503    
                         arrival time                          -0.240    
  -------------------------------------------------------------------
                         slack                                  0.263    

Slack (MET) :             0.263ns  (arrival time - required time)
  Source:                 design_1_i/ClockDivider_0/U0/teller_reg[23]/C
                            (rising edge-triggered cell FDRE clocked by clk_out1_design_1_clk_wiz_0_1  {rise@0.000ns fall@50.000ns period=100.000ns})
  Destination:            design_1_i/ClockDivider_0/U0/teller_reg[23]/D
                            (rising edge-triggered cell FDRE clocked by clk_out1_design_1_clk_wiz_0_1  {rise@0.000ns fall@50.000ns period=100.000ns})
  Path Group:             clk_out1_design_1_clk_wiz_0_1
  Path Type:              Hold (Min at Fast Process Corner)
  Requirement:            0.000ns  (clk_out1_design_1_clk_wiz_0_1 rise@0.000ns - clk_out1_design_1_clk_wiz_0_1 rise@0.000ns)
  Data Path Delay:        0.368ns  (logic 0.249ns (67.650%)  route 0.119ns (32.350%))
  Logic Levels:           1  (CARRY4=1)
  Clock Path Skew:        0.000ns (DCD - SCD - CPR)
    Destination Clock Delay (DCD):    -0.848ns
    Source Clock Delay      (SCD):    -0.608ns
    Clock Pessimism Removal (CPR):    -0.239ns

    Location             Delay type                Incr(ns)  Path(ns)    Netlist Resource(s)
  -------------------------------------------------------------------    -------------------
                         (clock clk_out1_design_1_clk_wiz_0_1 rise edge)
                                                      0.000     0.000 r  
    H16                                               0.000     0.000 r  clk_in_0 (IN)
                         net (fo=0)                   0.000     0.000    design_1_i/clk_wiz_0/inst/clk_in1
    H16                  IBUF (Prop_ibuf_I_O)         0.219     0.219 r  design_1_i/clk_wiz_0/inst/clkin1_ibufg/O
                         net (fo=1, routed)           0.440     0.659    design_1_i/clk_wiz_0/inst/clk_in1_design_1_clk_wiz_0_1
    MMCME2_ADV_X1Y2      MMCME2_ADV (Prop_mmcme2_adv_CLKIN1_CLKOUT0)
                                                     -2.613    -1.954 r  design_1_i/clk_wiz_0/inst/mmcm_adv_inst/CLKOUT0
                         net (fo=1, routed)           0.696    -1.257    design_1_i/clk_wiz_0/inst/clk_out1_design_1_clk_wiz_0_1
    BUFGCTRL_X0Y16       BUFG (Prop_bufg_I_O)         0.026    -1.231 r  design_1_i/clk_wiz_0/inst/clkout1_buf/O
                         net (fo=33, routed)          0.623    -0.608    design_1_i/ClockDivider_0/U0/clk_in
    SLICE_X111Y75        FDRE                                         r  design_1_i/ClockDivider_0/U0/teller_reg[23]/C
  -------------------------------------------------------------------    -------------------
    SLICE_X111Y75        FDRE (Prop_fdre_C_Q)         0.141    -0.467 r  design_1_i/ClockDivider_0/U0/teller_reg[23]/Q
                         net (fo=2, routed)           0.119    -0.348    design_1_i/ClockDivider_0/U0/teller_reg[23]
    SLICE_X111Y75        CARRY4 (Prop_carry4_S[3]_O[3])
                                                      0.108    -0.240 r  design_1_i/ClockDivider_0/U0/teller_reg[20]_i_1/O[3]
                         net (fo=1, routed)           0.000    -0.240    design_1_i/ClockDivider_0/U0/teller_reg[20]_i_1_n_4
    SLICE_X111Y75        FDRE                                         r  design_1_i/ClockDivider_0/U0/teller_reg[23]/D
  -------------------------------------------------------------------    -------------------

                         (clock clk_out1_design_1_clk_wiz_0_1 rise edge)
                                                      0.000     0.000 r  
    H16                                               0.000     0.000 r  clk_in_0 (IN)
                         net (fo=0)                   0.000     0.000    design_1_i/clk_wiz_0/inst/clk_in1
    H16                  IBUF (Prop_ibuf_I_O)         0.406     0.406 r  design_1_i/clk_wiz_0/inst/clkin1_ibufg/O
                         net (fo=1, routed)           0.480     0.886    design_1_i/clk_wiz_0/inst/clk_in1_design_1_clk_wiz_0_1
    MMCME2_ADV_X1Y2      MMCME2_ADV (Prop_mmcme2_adv_CLKIN1_CLKOUT0)
                                                     -3.407    -2.521 r  design_1_i/clk_wiz_0/inst/mmcm_adv_inst/CLKOUT0
                         net (fo=1, routed)           0.752    -1.769    design_1_i/clk_wiz_0/inst/clk_out1_design_1_clk_wiz_0_1
    BUFGCTRL_X0Y16       BUFG (Prop_bufg_I_O)         0.029    -1.740 r  design_1_i/clk_wiz_0/inst/clkout1_buf/O
                         net (fo=33, routed)          0.892    -0.848    design_1_i/ClockDivider_0/U0/clk_in
    SLICE_X111Y75        FDRE                                         r  design_1_i/ClockDivider_0/U0/teller_reg[23]/C
                         clock pessimism              0.239    -0.608    
    SLICE_X111Y75        FDRE (Hold_fdre_C_D)         0.105    -0.503    design_1_i/ClockDivider_0/U0/teller_reg[23]
  -------------------------------------------------------------------
                         required time                          0.503    
                         arrival time                          -0.240    
  -------------------------------------------------------------------
                         slack                                  0.263    

Slack (MET) :             0.263ns  (arrival time - required time)
  Source:                 design_1_i/ClockDivider_0/U0/teller_reg[27]/C
                            (rising edge-triggered cell FDRE clocked by clk_out1_design_1_clk_wiz_0_1  {rise@0.000ns fall@50.000ns period=100.000ns})
  Destination:            design_1_i/ClockDivider_0/U0/teller_reg[27]/D
                            (rising edge-triggered cell FDRE clocked by clk_out1_design_1_clk_wiz_0_1  {rise@0.000ns fall@50.000ns period=100.000ns})
  Path Group:             clk_out1_design_1_clk_wiz_0_1
  Path Type:              Hold (Min at Fast Process Corner)
  Requirement:            0.000ns  (clk_out1_design_1_clk_wiz_0_1 rise@0.000ns - clk_out1_design_1_clk_wiz_0_1 rise@0.000ns)
  Data Path Delay:        0.368ns  (logic 0.249ns (67.650%)  route 0.119ns (32.350%))
  Logic Levels:           1  (CARRY4=1)
  Clock Path Skew:        0.000ns (DCD - SCD - CPR)
    Destination Clock Delay (DCD):    -0.847ns
    Source Clock Delay      (SCD):    -0.607ns
    Clock Pessimism Removal (CPR):    -0.239ns

    Location             Delay type                Incr(ns)  Path(ns)    Netlist Resource(s)
  -------------------------------------------------------------------    -------------------
                         (clock clk_out1_design_1_clk_wiz_0_1 rise edge)
                                                      0.000     0.000 r  
    H16                                               0.000     0.000 r  clk_in_0 (IN)
                         net (fo=0)                   0.000     0.000    design_1_i/clk_wiz_0/inst/clk_in1
    H16                  IBUF (Prop_ibuf_I_O)         0.219     0.219 r  design_1_i/clk_wiz_0/inst/clkin1_ibufg/O
                         net (fo=1, routed)           0.440     0.659    design_1_i/clk_wiz_0/inst/clk_in1_design_1_clk_wiz_0_1
    MMCME2_ADV_X1Y2      MMCME2_ADV (Prop_mmcme2_adv_CLKIN1_CLKOUT0)
                                                     -2.613    -1.954 r  design_1_i/clk_wiz_0/inst/mmcm_adv_inst/CLKOUT0
                         net (fo=1, routed)           0.696    -1.257    design_1_i/clk_wiz_0/inst/clk_out1_design_1_clk_wiz_0_1
    BUFGCTRL_X0Y16       BUFG (Prop_bufg_I_O)         0.026    -1.231 r  design_1_i/clk_wiz_0/inst/clkout1_buf/O
                         net (fo=33, routed)          0.624    -0.607    design_1_i/ClockDivider_0/U0/clk_in
    SLICE_X111Y76        FDRE                                         r  design_1_i/ClockDivider_0/U0/teller_reg[27]/C
  -------------------------------------------------------------------    -------------------
    SLICE_X111Y76        FDRE (Prop_fdre_C_Q)         0.141    -0.466 r  design_1_i/ClockDivider_0/U0/teller_reg[27]/Q
                         net (fo=2, routed)           0.119    -0.347    design_1_i/ClockDivider_0/U0/teller_reg[27]
    SLICE_X111Y76        CARRY4 (Prop_carry4_S[3]_O[3])
                                                      0.108    -0.239 r  design_1_i/ClockDivider_0/U0/teller_reg[24]_i_1/O[3]
                         net (fo=1, routed)           0.000    -0.239    design_1_i/ClockDivider_0/U0/teller_reg[24]_i_1_n_4
    SLICE_X111Y76        FDRE                                         r  design_1_i/ClockDivider_0/U0/teller_reg[27]/D
  -------------------------------------------------------------------    -------------------

                         (clock clk_out1_design_1_clk_wiz_0_1 rise edge)
                                                      0.000     0.000 r  
    H16                                               0.000     0.000 r  clk_in_0 (IN)
                         net (fo=0)                   0.000     0.000    design_1_i/clk_wiz_0/inst/clk_in1
    H16                  IBUF (Prop_ibuf_I_O)         0.406     0.406 r  design_1_i/clk_wiz_0/inst/clkin1_ibufg/O
                         net (fo=1, routed)           0.480     0.886    design_1_i/clk_wiz_0/inst/clk_in1_design_1_clk_wiz_0_1
    MMCME2_ADV_X1Y2      MMCME2_ADV (Prop_mmcme2_adv_CLKIN1_CLKOUT0)
                                                     -3.407    -2.521 r  design_1_i/clk_wiz_0/inst/mmcm_adv_inst/CLKOUT0
                         net (fo=1, routed)           0.752    -1.769    design_1_i/clk_wiz_0/inst/clk_out1_design_1_clk_wiz_0_1
    BUFGCTRL_X0Y16       BUFG (Prop_bufg_I_O)         0.029    -1.740 r  design_1_i/clk_wiz_0/inst/clkout1_buf/O
                         net (fo=33, routed)          0.893    -0.847    design_1_i/ClockDivider_0/U0/clk_in
    SLICE_X111Y76        FDRE                                         r  design_1_i/ClockDivider_0/U0/teller_reg[27]/C
                         clock pessimism              0.239    -0.607    
    SLICE_X111Y76        FDRE (Hold_fdre_C_D)         0.105    -0.502    design_1_i/ClockDivider_0/U0/teller_reg[27]
  -------------------------------------------------------------------
                         required time                          0.502    
                         arrival time                          -0.239    
  -------------------------------------------------------------------
                         slack                                  0.263    

Slack (MET) :             0.263ns  (arrival time - required time)
  Source:                 design_1_i/ClockDivider_0/U0/teller_reg[3]/C
                            (rising edge-triggered cell FDRE clocked by clk_out1_design_1_clk_wiz_0_1  {rise@0.000ns fall@50.000ns period=100.000ns})
  Destination:            design_1_i/ClockDivider_0/U0/teller_reg[3]/D
                            (rising edge-triggered cell FDRE clocked by clk_out1_design_1_clk_wiz_0_1  {rise@0.000ns fall@50.000ns period=100.000ns})
  Path Group:             clk_out1_design_1_clk_wiz_0_1
  Path Type:              Hold (Min at Fast Process Corner)
  Requirement:            0.000ns  (clk_out1_design_1_clk_wiz_0_1 rise@0.000ns - clk_out1_design_1_clk_wiz_0_1 rise@0.000ns)
  Data Path Delay:        0.368ns  (logic 0.249ns (67.650%)  route 0.119ns (32.350%))
  Logic Levels:           1  (CARRY4=1)
  Clock Path Skew:        0.000ns (DCD - SCD - CPR)
    Destination Clock Delay (DCD):    -0.843ns
    Source Clock Delay      (SCD):    -0.604ns
    Clock Pessimism Removal (CPR):    -0.238ns

    Location             Delay type                Incr(ns)  Path(ns)    Netlist Resource(s)
  -------------------------------------------------------------------    -------------------
                         (clock clk_out1_design_1_clk_wiz_0_1 rise edge)
                                                      0.000     0.000 r  
    H16                                               0.000     0.000 r  clk_in_0 (IN)
                         net (fo=0)                   0.000     0.000    design_1_i/clk_wiz_0/inst/clk_in1
    H16                  IBUF (Prop_ibuf_I_O)         0.219     0.219 r  design_1_i/clk_wiz_0/inst/clkin1_ibufg/O
                         net (fo=1, routed)           0.440     0.659    design_1_i/clk_wiz_0/inst/clk_in1_design_1_clk_wiz_0_1
    MMCME2_ADV_X1Y2      MMCME2_ADV (Prop_mmcme2_adv_CLKIN1_CLKOUT0)
                                                     -2.613    -1.954 r  design_1_i/clk_wiz_0/inst/mmcm_adv_inst/CLKOUT0
                         net (fo=1, routed)           0.696    -1.257    design_1_i/clk_wiz_0/inst/clk_out1_design_1_clk_wiz_0_1
    BUFGCTRL_X0Y16       BUFG (Prop_bufg_I_O)         0.026    -1.231 r  design_1_i/clk_wiz_0/inst/clkout1_buf/O
                         net (fo=33, routed)          0.627    -0.604    design_1_i/ClockDivider_0/U0/clk_in
    SLICE_X111Y70        FDRE                                         r  design_1_i/ClockDivider_0/U0/teller_reg[3]/C
  -------------------------------------------------------------------    -------------------
    SLICE_X111Y70        FDRE (Prop_fdre_C_Q)         0.141    -0.463 r  design_1_i/ClockDivider_0/U0/teller_reg[3]/Q
                         net (fo=2, routed)           0.119    -0.344    design_1_i/ClockDivider_0/U0/teller_reg[3]
    SLICE_X111Y70        CARRY4 (Prop_carry4_S[3]_O[3])
                                                      0.108    -0.236 r  design_1_i/ClockDivider_0/U0/teller_reg[0]_i_2/O[3]
                         net (fo=1, routed)           0.000    -0.236    design_1_i/ClockDivider_0/U0/teller_reg[0]_i_2_n_4
    SLICE_X111Y70        FDRE                                         r  design_1_i/ClockDivider_0/U0/teller_reg[3]/D
  -------------------------------------------------------------------    -------------------

                         (clock clk_out1_design_1_clk_wiz_0_1 rise edge)
                                                      0.000     0.000 r  
    H16                                               0.000     0.000 r  clk_in_0 (IN)
                         net (fo=0)                   0.000     0.000    design_1_i/clk_wiz_0/inst/clk_in1
    H16                  IBUF (Prop_ibuf_I_O)         0.406     0.406 r  design_1_i/clk_wiz_0/inst/clkin1_ibufg/O
                         net (fo=1, routed)           0.480     0.886    design_1_i/clk_wiz_0/inst/clk_in1_design_1_clk_wiz_0_1
    MMCME2_ADV_X1Y2      MMCME2_ADV (Prop_mmcme2_adv_CLKIN1_CLKOUT0)
                                                     -3.407    -2.521 r  design_1_i/clk_wiz_0/inst/mmcm_adv_inst/CLKOUT0
                         net (fo=1, routed)           0.752    -1.769    design_1_i/clk_wiz_0/inst/clk_out1_design_1_clk_wiz_0_1
    BUFGCTRL_X0Y16       BUFG (Prop_bufg_I_O)         0.029    -1.740 r  design_1_i/clk_wiz_0/inst/clkout1_buf/O
                         net (fo=33, routed)          0.897    -0.843    design_1_i/ClockDivider_0/U0/clk_in
    SLICE_X111Y70        FDRE                                         r  design_1_i/ClockDivider_0/U0/teller_reg[3]/C
                         clock pessimism              0.238    -0.604    
    SLICE_X111Y70        FDRE (Hold_fdre_C_D)         0.105    -0.499    design_1_i/ClockDivider_0/U0/teller_reg[3]
  -------------------------------------------------------------------
                         required time                          0.499    
                         arrival time                          -0.236    
  -------------------------------------------------------------------
                         slack                                  0.263    

Slack (MET) :             0.263ns  (arrival time - required time)
  Source:                 design_1_i/ClockDivider_0/U0/teller_reg[7]/C
                            (rising edge-triggered cell FDRE clocked by clk_out1_design_1_clk_wiz_0_1  {rise@0.000ns fall@50.000ns period=100.000ns})
  Destination:            design_1_i/ClockDivider_0/U0/teller_reg[7]/D
                            (rising edge-triggered cell FDRE clocked by clk_out1_design_1_clk_wiz_0_1  {rise@0.000ns fall@50.000ns period=100.000ns})
  Path Group:             clk_out1_design_1_clk_wiz_0_1
  Path Type:              Hold (Min at Fast Process Corner)
  Requirement:            0.000ns  (clk_out1_design_1_clk_wiz_0_1 rise@0.000ns - clk_out1_design_1_clk_wiz_0_1 rise@0.000ns)
  Data Path Delay:        0.368ns  (logic 0.249ns (67.650%)  route 0.119ns (32.350%))
  Logic Levels:           1  (CARRY4=1)
  Clock Path Skew:        0.000ns (DCD - SCD - CPR)
    Destination Clock Delay (DCD):    -0.844ns
    Source Clock Delay      (SCD):    -0.605ns
    Clock Pessimism Removal (CPR):    -0.238ns

    Location             Delay type                Incr(ns)  Path(ns)    Netlist Resource(s)
  -------------------------------------------------------------------    -------------------
                         (clock clk_out1_design_1_clk_wiz_0_1 rise edge)
                                                      0.000     0.000 r  
    H16                                               0.000     0.000 r  clk_in_0 (IN)
                         net (fo=0)                   0.000     0.000    design_1_i/clk_wiz_0/inst/clk_in1
    H16                  IBUF (Prop_ibuf_I_O)         0.219     0.219 r  design_1_i/clk_wiz_0/inst/clkin1_ibufg/O
                         net (fo=1, routed)           0.440     0.659    design_1_i/clk_wiz_0/inst/clk_in1_design_1_clk_wiz_0_1
    MMCME2_ADV_X1Y2      MMCME2_ADV (Prop_mmcme2_adv_CLKIN1_CLKOUT0)
                                                     -2.613    -1.954 r  design_1_i/clk_wiz_0/inst/mmcm_adv_inst/CLKOUT0
                         net (fo=1, routed)           0.696    -1.257    design_1_i/clk_wiz_0/inst/clk_out1_design_1_clk_wiz_0_1
    BUFGCTRL_X0Y16       BUFG (Prop_bufg_I_O)         0.026    -1.231 r  design_1_i/clk_wiz_0/inst/clkout1_buf/O
                         net (fo=33, routed)          0.626    -0.605    design_1_i/ClockDivider_0/U0/clk_in
    SLICE_X111Y71        FDRE                                         r  design_1_i/ClockDivider_0/U0/teller_reg[7]/C
  -------------------------------------------------------------------    -------------------
    SLICE_X111Y71        FDRE (Prop_fdre_C_Q)         0.141    -0.464 r  design_1_i/ClockDivider_0/U0/teller_reg[7]/Q
                         net (fo=2, routed)           0.119    -0.345    design_1_i/ClockDivider_0/U0/teller_reg[7]
    SLICE_X111Y71        CARRY4 (Prop_carry4_S[3]_O[3])
                                                      0.108    -0.237 r  design_1_i/ClockDivider_0/U0/teller_reg[4]_i_1/O[3]
                         net (fo=1, routed)           0.000    -0.237    design_1_i/ClockDivider_0/U0/teller_reg[4]_i_1_n_4
    SLICE_X111Y71        FDRE                                         r  design_1_i/ClockDivider_0/U0/teller_reg[7]/D
  -------------------------------------------------------------------    -------------------

                         (clock clk_out1_design_1_clk_wiz_0_1 rise edge)
                                                      0.000     0.000 r  
    H16                                               0.000     0.000 r  clk_in_0 (IN)
                         net (fo=0)                   0.000     0.000    design_1_i/clk_wiz_0/inst/clk_in1
    H16                  IBUF (Prop_ibuf_I_O)         0.406     0.406 r  design_1_i/clk_wiz_0/inst/clkin1_ibufg/O
                         net (fo=1, routed)           0.480     0.886    design_1_i/clk_wiz_0/inst/clk_in1_design_1_clk_wiz_0_1
    MMCME2_ADV_X1Y2      MMCME2_ADV (Prop_mmcme2_adv_CLKIN1_CLKOUT0)
                                                     -3.407    -2.521 r  design_1_i/clk_wiz_0/inst/mmcm_adv_inst/CLKOUT0
                         net (fo=1, routed)           0.752    -1.769    design_1_i/clk_wiz_0/inst/clk_out1_design_1_clk_wiz_0_1
    BUFGCTRL_X0Y16       BUFG (Prop_bufg_I_O)         0.029    -1.740 r  design_1_i/clk_wiz_0/inst/clkout1_buf/O
                         net (fo=33, routed)          0.896    -0.844    design_1_i/ClockDivider_0/U0/clk_in
    SLICE_X111Y71        FDRE                                         r  design_1_i/ClockDivider_0/U0/teller_reg[7]/C
                         clock pessimism              0.238    -0.605    
    SLICE_X111Y71        FDRE (Hold_fdre_C_D)         0.105    -0.500    design_1_i/ClockDivider_0/U0/teller_reg[7]
  -------------------------------------------------------------------
                         required time                          0.500    
                         arrival time                          -0.237    
  -------------------------------------------------------------------
                         slack                                  0.263    

Slack (MET) :             0.263ns  (arrival time - required time)
  Source:                 design_1_i/ClockDivider_0/U0/teller_reg[11]/C
                            (rising edge-triggered cell FDRE clocked by clk_out1_design_1_clk_wiz_0_1  {rise@0.000ns fall@50.000ns period=100.000ns})
  Destination:            design_1_i/ClockDivider_0/U0/teller_reg[11]/D
                            (rising edge-triggered cell FDRE clocked by clk_out1_design_1_clk_wiz_0_1  {rise@0.000ns fall@50.000ns period=100.000ns})
  Path Group:             clk_out1_design_1_clk_wiz_0_1
  Path Type:              Hold (Min at Fast Process Corner)
  Requirement:            0.000ns  (clk_out1_design_1_clk_wiz_0_1 rise@0.000ns - clk_out1_design_1_clk_wiz_0_1 rise@0.000ns)
  Data Path Delay:        0.368ns  (logic 0.249ns (67.650%)  route 0.119ns (32.350%))
  Logic Levels:           1  (CARRY4=1)
  Clock Path Skew:        0.000ns (DCD - SCD - CPR)
    Destination Clock Delay (DCD):    -0.845ns
    Source Clock Delay      (SCD):    -0.605ns
    Clock Pessimism Removal (CPR):    -0.239ns

    Location             Delay type                Incr(ns)  Path(ns)    Netlist Resource(s)
  -------------------------------------------------------------------    -------------------
                         (clock clk_out1_design_1_clk_wiz_0_1 rise edge)
                                                      0.000     0.000 r  
    H16                                               0.000     0.000 r  clk_in_0 (IN)
                         net (fo=0)                   0.000     0.000    design_1_i/clk_wiz_0/inst/clk_in1
    H16                  IBUF (Prop_ibuf_I_O)         0.219     0.219 r  design_1_i/clk_wiz_0/inst/clkin1_ibufg/O
                         net (fo=1, routed)           0.440     0.659    design_1_i/clk_wiz_0/inst/clk_in1_design_1_clk_wiz_0_1
    MMCME2_ADV_X1Y2      MMCME2_ADV (Prop_mmcme2_adv_CLKIN1_CLKOUT0)
                                                     -2.613    -1.954 r  design_1_i/clk_wiz_0/inst/mmcm_adv_inst/CLKOUT0
                         net (fo=1, routed)           0.696    -1.257    design_1_i/clk_wiz_0/inst/clk_out1_design_1_clk_wiz_0_1
    BUFGCTRL_X0Y16       BUFG (Prop_bufg_I_O)         0.026    -1.231 r  design_1_i/clk_wiz_0/inst/clkout1_buf/O
                         net (fo=33, routed)          0.626    -0.605    design_1_i/ClockDivider_0/U0/clk_in
    SLICE_X111Y72        FDRE                                         r  design_1_i/ClockDivider_0/U0/teller_reg[11]/C
  -------------------------------------------------------------------    -------------------
    SLICE_X111Y72        FDRE (Prop_fdre_C_Q)         0.141    -0.464 r  design_1_i/ClockDivider_0/U0/teller_reg[11]/Q
                         net (fo=2, routed)           0.119    -0.345    design_1_i/ClockDivider_0/U0/teller_reg[11]
    SLICE_X111Y72        CARRY4 (Prop_carry4_S[3]_O[3])
                                                      0.108    -0.237 r  design_1_i/ClockDivider_0/U0/teller_reg[8]_i_1/O[3]
                         net (fo=1, routed)           0.000    -0.237    design_1_i/ClockDivider_0/U0/teller_reg[8]_i_1_n_4
    SLICE_X111Y72        FDRE                                         r  design_1_i/ClockDivider_0/U0/teller_reg[11]/D
  -------------------------------------------------------------------    -------------------

                         (clock clk_out1_design_1_clk_wiz_0_1 rise edge)
                                                      0.000     0.000 r  
    H16                                               0.000     0.000 r  clk_in_0 (IN)
                         net (fo=0)                   0.000     0.000    design_1_i/clk_wiz_0/inst/clk_in1
    H16                  IBUF (Prop_ibuf_I_O)         0.406     0.406 r  design_1_i/clk_wiz_0/inst/clkin1_ibufg/O
                         net (fo=1, routed)           0.480     0.886    design_1_i/clk_wiz_0/inst/clk_in1_design_1_clk_wiz_0_1
    MMCME2_ADV_X1Y2      MMCME2_ADV (Prop_mmcme2_adv_CLKIN1_CLKOUT0)
                                                     -3.407    -2.521 r  design_1_i/clk_wiz_0/inst/mmcm_adv_inst/CLKOUT0
                         net (fo=1, routed)           0.752    -1.769    design_1_i/clk_wiz_0/inst/clk_out1_design_1_clk_wiz_0_1
    BUFGCTRL_X0Y16       BUFG (Prop_bufg_I_O)         0.029    -1.740 r  design_1_i/clk_wiz_0/inst/clkout1_buf/O
                         net (fo=33, routed)          0.895    -0.845    design_1_i/ClockDivider_0/U0/clk_in
    SLICE_X111Y72        FDRE                                         r  design_1_i/ClockDivider_0/U0/teller_reg[11]/C
                         clock pessimism              0.239    -0.605    
    SLICE_X111Y72        FDRE (Hold_fdre_C_D)         0.105    -0.500    design_1_i/ClockDivider_0/U0/teller_reg[11]
  -------------------------------------------------------------------
                         required time                          0.500    
                         arrival time                          -0.237    
  -------------------------------------------------------------------
                         slack                                  0.263    

Slack (MET) :             0.263ns  (arrival time - required time)
  Source:                 design_1_i/ClockDivider_0/U0/teller_reg[31]/C
                            (rising edge-triggered cell FDRE clocked by clk_out1_design_1_clk_wiz_0_1  {rise@0.000ns fall@50.000ns period=100.000ns})
  Destination:            design_1_i/ClockDivider_0/U0/teller_reg[31]/D
                            (rising edge-triggered cell FDRE clocked by clk_out1_design_1_clk_wiz_0_1  {rise@0.000ns fall@50.000ns period=100.000ns})
  Path Group:             clk_out1_design_1_clk_wiz_0_1
  Path Type:              Hold (Min at Fast Process Corner)
  Requirement:            0.000ns  (clk_out1_design_1_clk_wiz_0_1 rise@0.000ns - clk_out1_design_1_clk_wiz_0_1 rise@0.000ns)
  Data Path Delay:        0.368ns  (logic 0.249ns (67.650%)  route 0.119ns (32.350%))
  Logic Levels:           1  (CARRY4=1)
  Clock Path Skew:        0.000ns (DCD - SCD - CPR)
    Destination Clock Delay (DCD):    -0.845ns
    Source Clock Delay      (SCD):    -0.605ns
    Clock Pessimism Removal (CPR):    -0.239ns

    Location             Delay type                Incr(ns)  Path(ns)    Netlist Resource(s)
  -------------------------------------------------------------------    -------------------
                         (clock clk_out1_design_1_clk_wiz_0_1 rise edge)
                                                      0.000     0.000 r  
    H16                                               0.000     0.000 r  clk_in_0 (IN)
                         net (fo=0)                   0.000     0.000    design_1_i/clk_wiz_0/inst/clk_in1
    H16                  IBUF (Prop_ibuf_I_O)         0.219     0.219 r  design_1_i/clk_wiz_0/inst/clkin1_ibufg/O
                         net (fo=1, routed)           0.440     0.659    design_1_i/clk_wiz_0/inst/clk_in1_design_1_clk_wiz_0_1
    MMCME2_ADV_X1Y2      MMCME2_ADV (Prop_mmcme2_adv_CLKIN1_CLKOUT0)
                                                     -2.613    -1.954 r  design_1_i/clk_wiz_0/inst/mmcm_adv_inst/CLKOUT0
                         net (fo=1, routed)           0.696    -1.257    design_1_i/clk_wiz_0/inst/clk_out1_design_1_clk_wiz_0_1
    BUFGCTRL_X0Y16       BUFG (Prop_bufg_I_O)         0.026    -1.231 r  design_1_i/clk_wiz_0/inst/clkout1_buf/O
                         net (fo=33, routed)          0.626    -0.605    design_1_i/ClockDivider_0/U0/clk_in
    SLICE_X111Y77        FDRE                                         r  design_1_i/ClockDivider_0/U0/teller_reg[31]/C
  -------------------------------------------------------------------    -------------------
    SLICE_X111Y77        FDRE (Prop_fdre_C_Q)         0.141    -0.464 r  design_1_i/ClockDivider_0/U0/teller_reg[31]/Q
                         net (fo=2, routed)           0.119    -0.345    design_1_i/ClockDivider_0/U0/teller_reg[31]
    SLICE_X111Y77        CARRY4 (Prop_carry4_S[3]_O[3])
                                                      0.108    -0.237 r  design_1_i/ClockDivider_0/U0/teller_reg[28]_i_1/O[3]
                         net (fo=1, routed)           0.000    -0.237    design_1_i/ClockDivider_0/U0/teller_reg[28]_i_1_n_4
    SLICE_X111Y77        FDRE                                         r  design_1_i/ClockDivider_0/U0/teller_reg[31]/D
  -------------------------------------------------------------------    -------------------

                         (clock clk_out1_design_1_clk_wiz_0_1 rise edge)
                                                      0.000     0.000 r  
    H16                                               0.000     0.000 r  clk_in_0 (IN)
                         net (fo=0)                   0.000     0.000    design_1_i/clk_wiz_0/inst/clk_in1
    H16                  IBUF (Prop_ibuf_I_O)         0.406     0.406 r  design_1_i/clk_wiz_0/inst/clkin1_ibufg/O
                         net (fo=1, routed)           0.480     0.886    design_1_i/clk_wiz_0/inst/clk_in1_design_1_clk_wiz_0_1
    MMCME2_ADV_X1Y2      MMCME2_ADV (Prop_mmcme2_adv_CLKIN1_CLKOUT0)
                                                     -3.407    -2.521 r  design_1_i/clk_wiz_0/inst/mmcm_adv_inst/CLKOUT0
                         net (fo=1, routed)           0.752    -1.769    design_1_i/clk_wiz_0/inst/clk_out1_design_1_clk_wiz_0_1
    BUFGCTRL_X0Y16       BUFG (Prop_bufg_I_O)         0.029    -1.740 r  design_1_i/clk_wiz_0/inst/clkout1_buf/O
                         net (fo=33, routed)          0.895    -0.845    design_1_i/ClockDivider_0/U0/clk_in
    SLICE_X111Y77        FDRE                                         r  design_1_i/ClockDivider_0/U0/teller_reg[31]/C
                         clock pessimism              0.239    -0.605    
    SLICE_X111Y77        FDRE (Hold_fdre_C_D)         0.105    -0.500    design_1_i/ClockDivider_0/U0/teller_reg[31]
  -------------------------------------------------------------------
                         required time                          0.500    
                         arrival time                          -0.237    
  -------------------------------------------------------------------
                         slack                                  0.263    

Slack (MET) :             0.267ns  (arrival time - required time)
  Source:                 design_1_i/ClockDivider_0/U0/teller_reg[14]/C
                            (rising edge-triggered cell FDRE clocked by clk_out1_design_1_clk_wiz_0_1  {rise@0.000ns fall@50.000ns period=100.000ns})
  Destination:            design_1_i/ClockDivider_0/U0/teller_reg[14]/D
                            (rising edge-triggered cell FDRE clocked by clk_out1_design_1_clk_wiz_0_1  {rise@0.000ns fall@50.000ns period=100.000ns})
  Path Group:             clk_out1_design_1_clk_wiz_0_1
  Path Type:              Hold (Min at Fast Process Corner)
  Requirement:            0.000ns  (clk_out1_design_1_clk_wiz_0_1 rise@0.000ns - clk_out1_design_1_clk_wiz_0_1 rise@0.000ns)
  Data Path Delay:        0.372ns  (logic 0.252ns (67.654%)  route 0.120ns (32.346%))
  Logic Levels:           1  (CARRY4=1)
  Clock Path Skew:        0.000ns (DCD - SCD - CPR)
    Destination Clock Delay (DCD):    -0.847ns
    Source Clock Delay      (SCD):    -0.607ns
    Clock Pessimism Removal (CPR):    -0.239ns

    Location             Delay type                Incr(ns)  Path(ns)    Netlist Resource(s)
  -------------------------------------------------------------------    -------------------
                         (clock clk_out1_design_1_clk_wiz_0_1 rise edge)
                                                      0.000     0.000 r  
    H16                                               0.000     0.000 r  clk_in_0 (IN)
                         net (fo=0)                   0.000     0.000    design_1_i/clk_wiz_0/inst/clk_in1
    H16                  IBUF (Prop_ibuf_I_O)         0.219     0.219 r  design_1_i/clk_wiz_0/inst/clkin1_ibufg/O
                         net (fo=1, routed)           0.440     0.659    design_1_i/clk_wiz_0/inst/clk_in1_design_1_clk_wiz_0_1
    MMCME2_ADV_X1Y2      MMCME2_ADV (Prop_mmcme2_adv_CLKIN1_CLKOUT0)
                                                     -2.613    -1.954 r  design_1_i/clk_wiz_0/inst/mmcm_adv_inst/CLKOUT0
                         net (fo=1, routed)           0.696    -1.257    design_1_i/clk_wiz_0/inst/clk_out1_design_1_clk_wiz_0_1
    BUFGCTRL_X0Y16       BUFG (Prop_bufg_I_O)         0.026    -1.231 r  design_1_i/clk_wiz_0/inst/clkout1_buf/O
                         net (fo=33, routed)          0.624    -0.607    design_1_i/ClockDivider_0/U0/clk_in
    SLICE_X111Y73        FDRE                                         r  design_1_i/ClockDivider_0/U0/teller_reg[14]/C
  -------------------------------------------------------------------    -------------------
    SLICE_X111Y73        FDRE (Prop_fdre_C_Q)         0.141    -0.466 r  design_1_i/ClockDivider_0/U0/teller_reg[14]/Q
                         net (fo=2, routed)           0.120    -0.346    design_1_i/ClockDivider_0/U0/teller_reg[14]
    SLICE_X111Y73        CARRY4 (Prop_carry4_S[2]_O[2])
                                                      0.111    -0.235 r  design_1_i/ClockDivider_0/U0/teller_reg[12]_i_1/O[2]
                         net (fo=1, routed)           0.000    -0.235    design_1_i/ClockDivider_0/U0/teller_reg[12]_i_1_n_5
    SLICE_X111Y73        FDRE                                         r  design_1_i/ClockDivider_0/U0/teller_reg[14]/D
  -------------------------------------------------------------------    -------------------

                         (clock clk_out1_design_1_clk_wiz_0_1 rise edge)
                                                      0.000     0.000 r  
    H16                                               0.000     0.000 r  clk_in_0 (IN)
                         net (fo=0)                   0.000     0.000    design_1_i/clk_wiz_0/inst/clk_in1
    H16                  IBUF (Prop_ibuf_I_O)         0.406     0.406 r  design_1_i/clk_wiz_0/inst/clkin1_ibufg/O
                         net (fo=1, routed)           0.480     0.886    design_1_i/clk_wiz_0/inst/clk_in1_design_1_clk_wiz_0_1
    MMCME2_ADV_X1Y2      MMCME2_ADV (Prop_mmcme2_adv_CLKIN1_CLKOUT0)
                                                     -3.407    -2.521 r  design_1_i/clk_wiz_0/inst/mmcm_adv_inst/CLKOUT0
                         net (fo=1, routed)           0.752    -1.769    design_1_i/clk_wiz_0/inst/clk_out1_design_1_clk_wiz_0_1
    BUFGCTRL_X0Y16       BUFG (Prop_bufg_I_O)         0.029    -1.740 r  design_1_i/clk_wiz_0/inst/clkout1_buf/O
                         net (fo=33, routed)          0.893    -0.847    design_1_i/ClockDivider_0/U0/clk_in
    SLICE_X111Y73        FDRE                                         r  design_1_i/ClockDivider_0/U0/teller_reg[14]/C
                         clock pessimism              0.239    -0.607    
    SLICE_X111Y73        FDRE (Hold_fdre_C_D)         0.105    -0.502    design_1_i/ClockDivider_0/U0/teller_reg[14]
  -------------------------------------------------------------------
                         required time                          0.502    
                         arrival time                          -0.235    
  -------------------------------------------------------------------
                         slack                                  0.267    

Slack (MET) :             0.267ns  (arrival time - required time)
  Source:                 design_1_i/ClockDivider_0/U0/teller_reg[18]/C
                            (rising edge-triggered cell FDRE clocked by clk_out1_design_1_clk_wiz_0_1  {rise@0.000ns fall@50.000ns period=100.000ns})
  Destination:            design_1_i/ClockDivider_0/U0/teller_reg[18]/D
                            (rising edge-triggered cell FDRE clocked by clk_out1_design_1_clk_wiz_0_1  {rise@0.000ns fall@50.000ns period=100.000ns})
  Path Group:             clk_out1_design_1_clk_wiz_0_1
  Path Type:              Hold (Min at Fast Process Corner)
  Requirement:            0.000ns  (clk_out1_design_1_clk_wiz_0_1 rise@0.000ns - clk_out1_design_1_clk_wiz_0_1 rise@0.000ns)
  Data Path Delay:        0.372ns  (logic 0.252ns (67.654%)  route 0.120ns (32.346%))
  Logic Levels:           1  (CARRY4=1)
  Clock Path Skew:        0.000ns (DCD - SCD - CPR)
    Destination Clock Delay (DCD):    -0.848ns
    Source Clock Delay      (SCD):    -0.608ns
    Clock Pessimism Removal (CPR):    -0.239ns

    Location             Delay type                Incr(ns)  Path(ns)    Netlist Resource(s)
  -------------------------------------------------------------------    -------------------
                         (clock clk_out1_design_1_clk_wiz_0_1 rise edge)
                                                      0.000     0.000 r  
    H16                                               0.000     0.000 r  clk_in_0 (IN)
                         net (fo=0)                   0.000     0.000    design_1_i/clk_wiz_0/inst/clk_in1
    H16                  IBUF (Prop_ibuf_I_O)         0.219     0.219 r  design_1_i/clk_wiz_0/inst/clkin1_ibufg/O
                         net (fo=1, routed)           0.440     0.659    design_1_i/clk_wiz_0/inst/clk_in1_design_1_clk_wiz_0_1
    MMCME2_ADV_X1Y2      MMCME2_ADV (Prop_mmcme2_adv_CLKIN1_CLKOUT0)
                                                     -2.613    -1.954 r  design_1_i/clk_wiz_0/inst/mmcm_adv_inst/CLKOUT0
                         net (fo=1, routed)           0.696    -1.257    design_1_i/clk_wiz_0/inst/clk_out1_design_1_clk_wiz_0_1
    BUFGCTRL_X0Y16       BUFG (Prop_bufg_I_O)         0.026    -1.231 r  design_1_i/clk_wiz_0/inst/clkout1_buf/O
                         net (fo=33, routed)          0.623    -0.608    design_1_i/ClockDivider_0/U0/clk_in
    SLICE_X111Y74        FDRE                                         r  design_1_i/ClockDivider_0/U0/teller_reg[18]/C
  -------------------------------------------------------------------    -------------------
    SLICE_X111Y74        FDRE (Prop_fdre_C_Q)         0.141    -0.467 r  design_1_i/ClockDivider_0/U0/teller_reg[18]/Q
                         net (fo=2, routed)           0.120    -0.347    design_1_i/ClockDivider_0/U0/teller_reg[18]
    SLICE_X111Y74        CARRY4 (Prop_carry4_S[2]_O[2])
                                                      0.111    -0.236 r  design_1_i/ClockDivider_0/U0/teller_reg[16]_i_1/O[2]
                         net (fo=1, routed)           0.000    -0.236    design_1_i/ClockDivider_0/U0/teller_reg[16]_i_1_n_5
    SLICE_X111Y74        FDRE                                         r  design_1_i/ClockDivider_0/U0/teller_reg[18]/D
  -------------------------------------------------------------------    -------------------

                         (clock clk_out1_design_1_clk_wiz_0_1 rise edge)
                                                      0.000     0.000 r  
    H16                                               0.000     0.000 r  clk_in_0 (IN)
                         net (fo=0)                   0.000     0.000    design_1_i/clk_wiz_0/inst/clk_in1
    H16                  IBUF (Prop_ibuf_I_O)         0.406     0.406 r  design_1_i/clk_wiz_0/inst/clkin1_ibufg/O
                         net (fo=1, routed)           0.480     0.886    design_1_i/clk_wiz_0/inst/clk_in1_design_1_clk_wiz_0_1
    MMCME2_ADV_X1Y2      MMCME2_ADV (Prop_mmcme2_adv_CLKIN1_CLKOUT0)
                                                     -3.407    -2.521 r  design_1_i/clk_wiz_0/inst/mmcm_adv_inst/CLKOUT0
                         net (fo=1, routed)           0.752    -1.769    design_1_i/clk_wiz_0/inst/clk_out1_design_1_clk_wiz_0_1
    BUFGCTRL_X0Y16       BUFG (Prop_bufg_I_O)         0.029    -1.740 r  design_1_i/clk_wiz_0/inst/clkout1_buf/O
                         net (fo=33, routed)          0.892    -0.848    design_1_i/ClockDivider_0/U0/clk_in
    SLICE_X111Y74        FDRE                                         r  design_1_i/ClockDivider_0/U0/teller_reg[18]/C
                         clock pessimism              0.239    -0.608    
    SLICE_X111Y74        FDRE (Hold_fdre_C_D)         0.105    -0.503    design_1_i/ClockDivider_0/U0/teller_reg[18]
  -------------------------------------------------------------------
                         required time                          0.503    
                         arrival time                          -0.236    
  -------------------------------------------------------------------
                         slack                                  0.267    





Pulse Width Checks
--------------------------------------------------------------------------------------
Clock Name:         clk_out1_design_1_clk_wiz_0_1
Waveform(ns):       { 0.000 50.000 }
Period(ns):         100.000
Sources:            { design_1_i/clk_wiz_0/inst/mmcm_adv_inst/CLKOUT0 }

Check Type        Corner  Lib Pin             Reference Pin  Required(ns)  Actual(ns)  Slack(ns)  Location         Pin
Min Period        n/a     BUFG/I              n/a            2.155         100.000     97.845     BUFGCTRL_X0Y16   design_1_i/clk_wiz_0/inst/clkout1_buf/I
Min Period        n/a     MMCME2_ADV/CLKOUT0  n/a            1.249         100.000     98.751     MMCME2_ADV_X1Y2  design_1_i/clk_wiz_0/inst/mmcm_adv_inst/CLKOUT0
Min Period        n/a     FDRE/C              n/a            1.000         100.000     99.000     SLICE_X112Y76    design_1_i/ClockDivider_0/U0/clk_inter_reg/C
Min Period        n/a     FDRE/C              n/a            1.000         100.000     99.000     SLICE_X111Y70    design_1_i/ClockDivider_0/U0/teller_reg[0]/C
Min Period        n/a     FDRE/C              n/a            1.000         100.000     99.000     SLICE_X111Y72    design_1_i/ClockDivider_0/U0/teller_reg[10]/C
Min Period        n/a     FDRE/C              n/a            1.000         100.000     99.000     SLICE_X111Y72    design_1_i/ClockDivider_0/U0/teller_reg[11]/C
Min Period        n/a     FDRE/C              n/a            1.000         100.000     99.000     SLICE_X111Y73    design_1_i/ClockDivider_0/U0/teller_reg[12]/C
Min Period        n/a     FDRE/C              n/a            1.000         100.000     99.000     SLICE_X111Y73    design_1_i/ClockDivider_0/U0/teller_reg[13]/C
Min Period        n/a     FDRE/C              n/a            1.000         100.000     99.000     SLICE_X111Y73    design_1_i/ClockDivider_0/U0/teller_reg[14]/C
Min Period        n/a     FDRE/C              n/a            1.000         100.000     99.000     SLICE_X111Y73    design_1_i/ClockDivider_0/U0/teller_reg[15]/C
Max Period        n/a     MMCME2_ADV/CLKOUT0  n/a            213.360       100.000     113.360    MMCME2_ADV_X1Y2  design_1_i/clk_wiz_0/inst/mmcm_adv_inst/CLKOUT0
Low Pulse Width   Slow    FDRE/C              n/a            0.500         50.000      49.500     SLICE_X112Y76    design_1_i/ClockDivider_0/U0/clk_inter_reg/C
Low Pulse Width   Fast    FDRE/C              n/a            0.500         50.000      49.500     SLICE_X112Y76    design_1_i/ClockDivider_0/U0/clk_inter_reg/C
Low Pulse Width   Slow    FDRE/C              n/a            0.500         50.000      49.500     SLICE_X111Y70    design_1_i/ClockDivider_0/U0/teller_reg[0]/C
Low Pulse Width   Fast    FDRE/C              n/a            0.500         50.000      49.500     SLICE_X111Y70    design_1_i/ClockDivider_0/U0/teller_reg[0]/C
Low Pulse Width   Slow    FDRE/C              n/a            0.500         50.000      49.500     SLICE_X111Y72    design_1_i/ClockDivider_0/U0/teller_reg[10]/C
Low Pulse Width   Fast    FDRE/C              n/a            0.500         50.000      49.500     SLICE_X111Y72    design_1_i/ClockDivider_0/U0/teller_reg[10]/C
Low Pulse Width   Slow    FDRE/C              n/a            0.500         50.000      49.500     SLICE_X111Y72    design_1_i/ClockDivider_0/U0/teller_reg[11]/C
Low Pulse Width   Fast    FDRE/C              n/a            0.500         50.000      49.500     SLICE_X111Y72    design_1_i/ClockDivider_0/U0/teller_reg[11]/C
Low Pulse Width   Slow    FDRE/C              n/a            0.500         50.000      49.500     SLICE_X111Y73    design_1_i/ClockDivider_0/U0/teller_reg[12]/C
Low Pulse Width   Fast    FDRE/C              n/a            0.500         50.000      49.500     SLICE_X111Y73    design_1_i/ClockDivider_0/U0/teller_reg[12]/C
High Pulse Width  Slow    FDRE/C              n/a            0.500         50.000      49.500     SLICE_X112Y76    design_1_i/ClockDivider_0/U0/clk_inter_reg/C
High Pulse Width  Fast    FDRE/C              n/a            0.500         50.000      49.500     SLICE_X112Y76    design_1_i/ClockDivider_0/U0/clk_inter_reg/C
High Pulse Width  Slow    FDRE/C              n/a            0.500         50.000      49.500     SLICE_X111Y70    design_1_i/ClockDivider_0/U0/teller_reg[0]/C
High Pulse Width  Fast    FDRE/C              n/a            0.500         50.000      49.500     SLICE_X111Y70    design_1_i/ClockDivider_0/U0/teller_reg[0]/C
High Pulse Width  Slow    FDRE/C              n/a            0.500         50.000      49.500     SLICE_X111Y72    design_1_i/ClockDivider_0/U0/teller_reg[10]/C
High Pulse Width  Fast    FDRE/C              n/a            0.500         50.000      49.500     SLICE_X111Y72    design_1_i/ClockDivider_0/U0/teller_reg[10]/C
High Pulse Width  Slow    FDRE/C              n/a            0.500         50.000      49.500     SLICE_X111Y72    design_1_i/ClockDivider_0/U0/teller_reg[11]/C
High Pulse Width  Fast    FDRE/C              n/a            0.500         50.000      49.500     SLICE_X111Y72    design_1_i/ClockDivider_0/U0/teller_reg[11]/C
High Pulse Width  Slow    FDRE/C              n/a            0.500         50.000      49.500     SLICE_X111Y73    design_1_i/ClockDivider_0/U0/teller_reg[12]/C
High Pulse Width  Fast    FDRE/C              n/a            0.500         50.000      49.500     SLICE_X111Y73    design_1_i/ClockDivider_0/U0/teller_reg[12]/C



---------------------------------------------------------------------------------------------------
From Clock:  clkfbout_design_1_clk_wiz_0_1
  To Clock:  clkfbout_design_1_clk_wiz_0_1

Setup :           NA  Failing Endpoints,  Worst Slack           NA  ,  Total Violation           NA
Hold  :           NA  Failing Endpoints,  Worst Slack           NA  ,  Total Violation           NA
PW    :            0  Failing Endpoints,  Worst Slack        5.845ns,  Total Violation        0.000ns
---------------------------------------------------------------------------------------------------


Pulse Width Checks
--------------------------------------------------------------------------------------
Clock Name:         clkfbout_design_1_clk_wiz_0_1
Waveform(ns):       { 0.000 4.000 }
Period(ns):         8.000
Sources:            { design_1_i/clk_wiz_0/inst/mmcm_adv_inst/CLKFBOUT }

Check Type  Corner  Lib Pin              Reference Pin  Required(ns)  Actual(ns)  Slack(ns)  Location         Pin
Min Period  n/a     BUFG/I               n/a            2.155         8.000       5.845      BUFGCTRL_X0Y17   design_1_i/clk_wiz_0/inst/clkf_buf/I
Min Period  n/a     MMCME2_ADV/CLKFBOUT  n/a            1.249         8.000       6.751      MMCME2_ADV_X1Y2  design_1_i/clk_wiz_0/inst/mmcm_adv_inst/CLKFBOUT
Min Period  n/a     MMCME2_ADV/CLKFBIN   n/a            1.249         8.000       6.751      MMCME2_ADV_X1Y2  design_1_i/clk_wiz_0/inst/mmcm_adv_inst/CLKFBIN
Max Period  n/a     MMCME2_ADV/CLKFBIN   n/a            100.000       8.000       92.000     MMCME2_ADV_X1Y2  design_1_i/clk_wiz_0/inst/mmcm_adv_inst/CLKFBIN
Max Period  n/a     MMCME2_ADV/CLKFBOUT  n/a            213.360       8.000       205.360    MMCME2_ADV_X1Y2  design_1_i/clk_wiz_0/inst/mmcm_adv_inst/CLKFBOUT



--------------------------------------------------------------------------------------
Path Group:  (none)
From Clock:  
  To Clock:  

Max Delay            48 Endpoints
Min Delay            48 Endpoints
--------------------------------------------------------------------------------------


Max Delay Paths
--------------------------------------------------------------------------------------
Slack:                    inf
  Source:                 design_1_i/Counter_0/U0/display2_reg[3]/C
                            (rising edge-triggered cell FDRE)
  Destination:            display2_0[3]
                            (output port)
  Path Group:             (none)
  Path Type:              Max at Slow Process Corner
  Data Path Delay:        6.910ns  (logic 4.202ns (60.808%)  route 2.708ns (39.192%))
  Logic Levels:           2  (FDRE=1 OBUF=1)

    Location             Delay type                Incr(ns)  Path(ns)    Netlist Resource(s)
  -------------------------------------------------------------------    -------------------
    SLICE_X112Y91        FDRE                         0.000     0.000 r  design_1_i/Counter_0/U0/display2_reg[3]/C
    SLICE_X112Y91        FDRE (Prop_fdre_C_Q)         0.478     0.478 r  design_1_i/Counter_0/U0/display2_reg[3]/Q
                         net (fo=1, routed)           2.708     3.186    display2_0_OBUF[3]
    V16                  OBUF (Prop_obuf_I_O)         3.724     6.910 r  display2_0_OBUF[3]_inst/O
                         net (fo=0)                   0.000     6.910    display2_0[3]
    V16                                                               r  display2_0[3] (OUT)
  -------------------------------------------------------------------    -------------------

Slack:                    inf
  Source:                 design_1_i/Counter_0/U0/display2_reg[2]/C
                            (rising edge-triggered cell FDRE)
  Destination:            display2_0[2]
                            (output port)
  Path Group:             (none)
  Path Type:              Max at Slow Process Corner
  Data Path Delay:        6.790ns  (logic 4.072ns (59.963%)  route 2.718ns (40.037%))
  Logic Levels:           2  (FDRE=1 OBUF=1)

    Location             Delay type                Incr(ns)  Path(ns)    Netlist Resource(s)
  -------------------------------------------------------------------    -------------------
    SLICE_X112Y91        FDRE                         0.000     0.000 r  design_1_i/Counter_0/U0/display2_reg[2]/C
    SLICE_X112Y91        FDRE (Prop_fdre_C_Q)         0.518     0.518 r  design_1_i/Counter_0/U0/display2_reg[2]/Q
                         net (fo=1, routed)           2.718     3.236    display2_0_OBUF[2]
    W16                  OBUF (Prop_obuf_I_O)         3.554     6.790 r  display2_0_OBUF[2]_inst/O
                         net (fo=0)                   0.000     6.790    display2_0[2]
    W16                                                               r  display2_0[2] (OUT)
  -------------------------------------------------------------------    -------------------

Slack:                    inf
  Source:                 design_1_i/Counter_0/U0/display1_reg[0]/C
                            (rising edge-triggered cell FDRE)
  Destination:            display1_0[0]
                            (output port)
  Path Group:             (none)
  Path Type:              Max at Slow Process Corner
  Data Path Delay:        6.470ns  (logic 4.191ns (64.774%)  route 2.279ns (35.226%))
  Logic Levels:           2  (FDRE=1 OBUF=1)

    Location             Delay type                Incr(ns)  Path(ns)    Netlist Resource(s)
  -------------------------------------------------------------------    -------------------
    SLICE_X112Y73        FDRE                         0.000     0.000 r  design_1_i/Counter_0/U0/display1_reg[0]/C
    SLICE_X112Y73        FDRE (Prop_fdre_C_Q)         0.478     0.478 r  design_1_i/Counter_0/U0/display1_reg[0]/Q
                         net (fo=1, routed)           2.279     2.757    display1_0_OBUF[0]
    W19                  OBUF (Prop_obuf_I_O)         3.713     6.470 r  display1_0_OBUF[0]_inst/O
                         net (fo=0)                   0.000     6.470    display1_0[0]
    W19                                                               r  display1_0[0] (OUT)
  -------------------------------------------------------------------    -------------------

Slack:                    inf
  Source:                 design_1_i/Counter_0/U0/display1_reg[4]/C
                            (rising edge-triggered cell FDRE)
  Destination:            display1_0[4]
                            (output port)
  Path Group:             (none)
  Path Type:              Max at Slow Process Corner
  Data Path Delay:        6.373ns  (logic 4.279ns (67.141%)  route 2.094ns (32.859%))
  Logic Levels:           2  (FDRE=1 OBUF=1)

    Location             Delay type                Incr(ns)  Path(ns)    Netlist Resource(s)
  -------------------------------------------------------------------    -------------------
    SLICE_X112Y74        FDRE                         0.000     0.000 r  design_1_i/Counter_0/U0/display1_reg[4]/C
    SLICE_X112Y74        FDRE (Prop_fdre_C_Q)         0.478     0.478 r  design_1_i/Counter_0/U0/display1_reg[4]/Q
                         net (fo=1, routed)           2.094     2.572    display1_0_OBUF[4]
    Y16                  OBUF (Prop_obuf_I_O)         3.801     6.373 r  display1_0_OBUF[4]_inst/O
                         net (fo=0)                   0.000     6.373    display1_0[4]
    Y16                                                               r  display1_0[4] (OUT)
  -------------------------------------------------------------------    -------------------

Slack:                    inf
  Source:                 design_1_i/Counter_0/U0/display1_reg[1]/C
                            (rising edge-triggered cell FDRE)
  Destination:            display1_0[1]
                            (output port)
  Path Group:             (none)
  Path Type:              Max at Slow Process Corner
  Data Path Delay:        6.343ns  (logic 4.063ns (64.057%)  route 2.280ns (35.943%))
  Logic Levels:           2  (FDRE=1 OBUF=1)

    Location             Delay type                Incr(ns)  Path(ns)    Netlist Resource(s)
  -------------------------------------------------------------------    -------------------
    SLICE_X112Y74        FDRE                         0.000     0.000 r  design_1_i/Counter_0/U0/display1_reg[1]/C
    SLICE_X112Y74        FDRE (Prop_fdre_C_Q)         0.518     0.518 r  design_1_i/Counter_0/U0/display1_reg[1]/Q
                         net (fo=1, routed)           2.280     2.798    display1_0_OBUF[1]
    W18                  OBUF (Prop_obuf_I_O)         3.545     6.343 r  display1_0_OBUF[1]_inst/O
                         net (fo=0)                   0.000     6.343    display1_0[1]
    W18                                                               r  display1_0[1] (OUT)
  -------------------------------------------------------------------    -------------------

Slack:                    inf
  Source:                 design_1_i/Counter_0/U0/display2_reg[6]/C
                            (rising edge-triggered cell FDRE)
  Destination:            display2_0[6]
                            (output port)
  Path Group:             (none)
  Path Type:              Max at Slow Process Corner
  Data Path Delay:        6.327ns  (logic 4.310ns (68.125%)  route 2.017ns (31.875%))
  Logic Levels:           2  (FDRE=1 OBUF=1)

    Location             Delay type                Incr(ns)  Path(ns)    Netlist Resource(s)
  -------------------------------------------------------------------    -------------------
    SLICE_X112Y91        FDRE                         0.000     0.000 r  design_1_i/Counter_0/U0/display2_reg[6]/C
    SLICE_X112Y91        FDRE (Prop_fdre_C_Q)         0.478     0.478 r  design_1_i/Counter_0/U0/display2_reg[6]/Q
                         net (fo=1, routed)           2.017     2.495    display2_0_OBUF[6]
    W14                  OBUF (Prop_obuf_I_O)         3.832     6.327 r  display2_0_OBUF[6]_inst/O
                         net (fo=0)                   0.000     6.327    display2_0[6]
    W14                                                               r  display2_0[6] (OUT)
  -------------------------------------------------------------------    -------------------

Slack:                    inf
  Source:                 design_1_i/Counter_0/U0/display2_reg[5]/C
                            (rising edge-triggered cell FDRE)
  Destination:            display2_0[5]
                            (output port)
  Path Group:             (none)
  Path Type:              Max at Slow Process Corner
  Data Path Delay:        6.170ns  (logic 4.162ns (67.443%)  route 2.009ns (32.557%))
  Logic Levels:           2  (FDRE=1 OBUF=1)

    Location             Delay type                Incr(ns)  Path(ns)    Netlist Resource(s)
  -------------------------------------------------------------------    -------------------
    SLICE_X112Y91        FDRE                         0.000     0.000 r  design_1_i/Counter_0/U0/display2_reg[5]/C
    SLICE_X112Y91        FDRE (Prop_fdre_C_Q)         0.518     0.518 r  design_1_i/Counter_0/U0/display2_reg[5]/Q
                         net (fo=1, routed)           2.009     2.527    display2_0_OBUF[5]
    Y14                  OBUF (Prop_obuf_I_O)         3.644     6.170 r  display2_0_OBUF[5]_inst/O
                         net (fo=0)                   0.000     6.170    display2_0[5]
    Y14                                                               r  display2_0[5] (OUT)
  -------------------------------------------------------------------    -------------------

Slack:                    inf
  Source:                 design_1_i/Counter_0/U0/display2_reg[4]/C
                            (rising edge-triggered cell FDRE)
  Destination:            display2_0[4]
                            (output port)
  Path Group:             (none)
  Path Type:              Max at Slow Process Corner
  Data Path Delay:        6.141ns  (logic 4.255ns (69.282%)  route 1.886ns (30.718%))
  Logic Levels:           2  (FDRE=1 OBUF=1)

    Location             Delay type                Incr(ns)  Path(ns)    Netlist Resource(s)
  -------------------------------------------------------------------    -------------------
    SLICE_X112Y91        FDRE                         0.000     0.000 r  design_1_i/Counter_0/U0/display2_reg[4]/C
    SLICE_X112Y91        FDRE (Prop_fdre_C_Q)         0.478     0.478 r  design_1_i/Counter_0/U0/display2_reg[4]/Q
                         net (fo=1, routed)           1.886     2.364    display2_0_OBUF[4]
    T11                  OBUF (Prop_obuf_I_O)         3.777     6.141 r  display2_0_OBUF[4]_inst/O
                         net (fo=0)                   0.000     6.141    display2_0[4]
    T11                                                               r  display2_0[4] (OUT)
  -------------------------------------------------------------------    -------------------

Slack:                    inf
  Source:                 design_1_i/Counter_0/U0/display1_reg[5]/C
                            (rising edge-triggered cell FDRE)
  Destination:            display1_0[5]
                            (output port)
  Path Group:             (none)
  Path Type:              Max at Slow Process Corner
  Data Path Delay:        6.119ns  (logic 4.091ns (66.864%)  route 2.028ns (33.136%))
  Logic Levels:           2  (FDRE=1 OBUF=1)

    Location             Delay type                Incr(ns)  Path(ns)    Netlist Resource(s)
  -------------------------------------------------------------------    -------------------
    SLICE_X112Y73        FDRE                         0.000     0.000 r  design_1_i/Counter_0/U0/display1_reg[5]/C
    SLICE_X112Y73        FDRE (Prop_fdre_C_Q)         0.518     0.518 r  design_1_i/Counter_0/U0/display1_reg[5]/Q
                         net (fo=1, routed)           2.028     2.546    display1_0_OBUF[5]
    Y19                  OBUF (Prop_obuf_I_O)         3.573     6.119 r  display1_0_OBUF[5]_inst/O
                         net (fo=0)                   0.000     6.119    display1_0[5]
    Y19                                                               r  display1_0[5] (OUT)
  -------------------------------------------------------------------    -------------------

Slack:                    inf
  Source:                 design_1_i/Counter_0/U0/display1_reg[6]/C
                            (rising edge-triggered cell FDRE)
  Destination:            display1_0[6]
                            (output port)
  Path Group:             (none)
  Path Type:              Max at Slow Process Corner
  Data Path Delay:        6.115ns  (logic 4.229ns (69.162%)  route 1.886ns (30.838%))
  Logic Levels:           2  (FDRE=1 OBUF=1)

    Location             Delay type                Incr(ns)  Path(ns)    Netlist Resource(s)
  -------------------------------------------------------------------    -------------------
    SLICE_X112Y73        FDRE                         0.000     0.000 r  design_1_i/Counter_0/U0/display1_reg[6]/C
    SLICE_X112Y73        FDRE (Prop_fdre_C_Q)         0.478     0.478 r  design_1_i/Counter_0/U0/display1_reg[6]/Q
                         net (fo=1, routed)           1.886     2.364    display1_0_OBUF[6]
    Y18                  OBUF (Prop_obuf_I_O)         3.751     6.115 r  display1_0_OBUF[6]_inst/O
                         net (fo=0)                   0.000     6.115    display1_0[6]
    Y18                                                               r  display1_0[6] (OUT)
  -------------------------------------------------------------------    -------------------





Min Delay Paths
--------------------------------------------------------------------------------------
Slack:                    inf
  Source:                 design_1_i/Counter_0/U0/Eenheden_reg[2]/C
                            (rising edge-triggered cell FDRE)
  Destination:            design_1_i/Counter_0/U0/display2_reg[5]/D
  Path Group:             (none)
  Path Type:              Min at Fast Process Corner
  Data Path Delay:        0.355ns  (logic 0.209ns (58.853%)  route 0.146ns (41.147%))
  Logic Levels:           2  (FDRE=1 LUT5=1)

    Location             Delay type                Incr(ns)  Path(ns)    Netlist Resource(s)
  -------------------------------------------------------------------    -------------------
    SLICE_X112Y90        FDRE                         0.000     0.000 r  design_1_i/Counter_0/U0/Eenheden_reg[2]/C
    SLICE_X112Y90        FDRE (Prop_fdre_C_Q)         0.164     0.164 r  design_1_i/Counter_0/U0/Eenheden_reg[2]/Q
                         net (fo=9, routed)           0.146     0.310    design_1_i/Counter_0/U0/Eenheden_reg_n_0_[2]
    SLICE_X112Y91        LUT5 (Prop_lut5_I1_O)        0.045     0.355 r  design_1_i/Counter_0/U0/display2[5]_i_1/O
                         net (fo=1, routed)           0.000     0.355    design_1_i/Counter_0/U0/display2_0[5]
    SLICE_X112Y91        FDRE                                         r  design_1_i/Counter_0/U0/display2_reg[5]/D
  -------------------------------------------------------------------    -------------------

Slack:                    inf
  Source:                 design_1_i/Counter_0/U0/Teller_reg[2]/C
                            (rising edge-triggered cell FDRE)
  Destination:            design_1_i/Counter_0/U0/Teller_reg[2]/D
  Path Group:             (none)
  Path Type:              Min at Fast Process Corner
  Data Path Delay:        0.370ns  (logic 0.186ns (50.327%)  route 0.184ns (49.673%))
  Logic Levels:           2  (FDRE=1 LUT3=1)

    Location             Delay type                Incr(ns)  Path(ns)    Netlist Resource(s)
  -------------------------------------------------------------------    -------------------
    SLICE_X110Y59        FDRE                         0.000     0.000 r  design_1_i/Counter_0/U0/Teller_reg[2]/C
    SLICE_X110Y59        FDRE (Prop_fdre_C_Q)         0.141     0.141 r  design_1_i/Counter_0/U0/Teller_reg[2]/Q
                         net (fo=5, routed)           0.184     0.325    design_1_i/Counter_0/U0/Teller_reg[2]
    SLICE_X110Y59        LUT3 (Prop_lut3_I2_O)        0.045     0.370 r  design_1_i/Counter_0/U0/Teller[2]_i_1/O
                         net (fo=1, routed)           0.000     0.370    design_1_i/Counter_0/U0/Teller[2]_i_1_n_0
    SLICE_X110Y59        FDRE                                         r  design_1_i/Counter_0/U0/Teller_reg[2]/D
  -------------------------------------------------------------------    -------------------

Slack:                    inf
  Source:                 design_1_i/Counter_0/U0/Tientallen_reg[0]/C
                            (rising edge-triggered cell FDRE)
  Destination:            design_1_i/Counter_0/U0/Tientallen_reg[1]/D
  Path Group:             (none)
  Path Type:              Min at Fast Process Corner
  Data Path Delay:        0.371ns  (logic 0.186ns (50.137%)  route 0.185ns (49.863%))
  Logic Levels:           2  (FDRE=1 LUT6=1)

    Location             Delay type                Incr(ns)  Path(ns)    Netlist Resource(s)
  -------------------------------------------------------------------    -------------------
    SLICE_X110Y58        FDRE                         0.000     0.000 r  design_1_i/Counter_0/U0/Tientallen_reg[0]/C
    SLICE_X110Y58        FDRE (Prop_fdre_C_Q)         0.141     0.141 r  design_1_i/Counter_0/U0/Tientallen_reg[0]/Q
                         net (fo=11, routed)          0.185     0.326    design_1_i/Counter_0/U0/Tientallen_reg[0]
    SLICE_X110Y58        LUT6 (Prop_lut6_I0_O)        0.045     0.371 r  design_1_i/Counter_0/U0/Tientallen[1]_i_1/O
                         net (fo=1, routed)           0.000     0.371    design_1_i/Counter_0/U0/Tientallen[1]
    SLICE_X110Y58        FDRE                                         r  design_1_i/Counter_0/U0/Tientallen_reg[1]/D
  -------------------------------------------------------------------    -------------------

Slack:                    inf
  Source:                 design_1_i/Counter_0/U0/Teller_reg[2]/C
                            (rising edge-triggered cell FDRE)
  Destination:            design_1_i/Counter_0/U0/Teller_reg[3]/D
  Path Group:             (none)
  Path Type:              Min at Fast Process Corner
  Data Path Delay:        0.374ns  (logic 0.190ns (50.859%)  route 0.184ns (49.141%))
  Logic Levels:           2  (FDRE=1 LUT4=1)

    Location             Delay type                Incr(ns)  Path(ns)    Netlist Resource(s)
  -------------------------------------------------------------------    -------------------
    SLICE_X110Y59        FDRE                         0.000     0.000 r  design_1_i/Counter_0/U0/Teller_reg[2]/C
    SLICE_X110Y59        FDRE (Prop_fdre_C_Q)         0.141     0.141 r  design_1_i/Counter_0/U0/Teller_reg[2]/Q
                         net (fo=5, routed)           0.184     0.325    design_1_i/Counter_0/U0/Teller_reg[2]
    SLICE_X110Y59        LUT4 (Prop_lut4_I2_O)        0.049     0.374 r  design_1_i/Counter_0/U0/Teller[3]_i_1/O
                         net (fo=1, routed)           0.000     0.374    design_1_i/Counter_0/U0/Teller[3]_i_1_n_0
    SLICE_X110Y59        FDRE                                         r  design_1_i/Counter_0/U0/Teller_reg[3]/D
  -------------------------------------------------------------------    -------------------

Slack:                    inf
  Source:                 design_1_i/Counter_0/U0/Teller_reg[1]/C
                            (rising edge-triggered cell FDRE)
  Destination:            design_1_i/Counter_0/U0/Tientallen_reg[0]/D
  Path Group:             (none)
  Path Type:              Min at Fast Process Corner
  Data Path Delay:        0.381ns  (logic 0.227ns (59.619%)  route 0.154ns (40.381%))
  Logic Levels:           2  (FDRE=1 LUT5=1)

    Location             Delay type                Incr(ns)  Path(ns)    Netlist Resource(s)
  -------------------------------------------------------------------    -------------------
    SLICE_X110Y59        FDRE                         0.000     0.000 r  design_1_i/Counter_0/U0/Teller_reg[1]/C
    SLICE_X110Y59        FDRE (Prop_fdre_C_Q)         0.128     0.128 r  design_1_i/Counter_0/U0/Teller_reg[1]/Q
                         net (fo=6, routed)           0.154     0.282    design_1_i/Counter_0/U0/Teller_reg[1]
    SLICE_X110Y58        LUT5 (Prop_lut5_I4_O)        0.099     0.381 r  design_1_i/Counter_0/U0/Tientallen[0]_i_1/O
                         net (fo=1, routed)           0.000     0.381    design_1_i/Counter_0/U0/Tientallen[0]
    SLICE_X110Y58        FDRE                                         r  design_1_i/Counter_0/U0/Tientallen_reg[0]/D
  -------------------------------------------------------------------    -------------------

Slack:                    inf
  Source:                 design_1_i/Counter_0/U0/Tientallen_reg[3]/C
                            (rising edge-triggered cell FDRE)
  Destination:            design_1_i/Counter_0/U0/display1_reg[0]/D
  Path Group:             (none)
  Path Type:              Min at Fast Process Corner
  Data Path Delay:        0.382ns  (logic 0.207ns (54.155%)  route 0.175ns (45.845%))
  Logic Levels:           2  (FDRE=1 LUT5=1)

    Location             Delay type                Incr(ns)  Path(ns)    Netlist Resource(s)
  -------------------------------------------------------------------    -------------------
    SLICE_X112Y73        FDRE                         0.000     0.000 r  design_1_i/Counter_0/U0/Tientallen_reg[3]/C
    SLICE_X112Y73        FDRE (Prop_fdre_C_Q)         0.164     0.164 r  design_1_i/Counter_0/U0/Tientallen_reg[3]/Q
                         net (fo=8, routed)           0.175     0.339    design_1_i/Counter_0/U0/Tientallen_reg[3]
    SLICE_X112Y73        LUT5 (Prop_lut5_I4_O)        0.043     0.382 r  design_1_i/Counter_0/U0/display1[0]_i_1/O
                         net (fo=1, routed)           0.000     0.382    design_1_i/Counter_0/U0/display1_1[0]
    SLICE_X112Y73        FDRE                                         r  design_1_i/Counter_0/U0/display1_reg[0]/D
  -------------------------------------------------------------------    -------------------

Slack:                    inf
  Source:                 design_1_i/Counter_0/U0/Tientallen_reg[3]/C
                            (rising edge-triggered cell FDRE)
  Destination:            design_1_i/Counter_0/U0/Tientallen_reg[3]/D
  Path Group:             (none)
  Path Type:              Min at Fast Process Corner
  Data Path Delay:        0.384ns  (logic 0.209ns (54.393%)  route 0.175ns (45.607%))
  Logic Levels:           2  (FDRE=1 LUT5=1)

    Location             Delay type                Incr(ns)  Path(ns)    Netlist Resource(s)
  -------------------------------------------------------------------    -------------------
    SLICE_X112Y73        FDRE                         0.000     0.000 r  design_1_i/Counter_0/U0/Tientallen_reg[3]/C
    SLICE_X112Y73        FDRE (Prop_fdre_C_Q)         0.164     0.164 r  design_1_i/Counter_0/U0/Tientallen_reg[3]/Q
                         net (fo=8, routed)           0.175     0.339    design_1_i/Counter_0/U0/Tientallen_reg[3]
    SLICE_X112Y73        LUT5 (Prop_lut5_I4_O)        0.045     0.384 r  design_1_i/Counter_0/U0/Tientallen[3]_i_1/O
                         net (fo=1, routed)           0.000     0.384    design_1_i/Counter_0/U0/Tientallen[3]
    SLICE_X112Y73        FDRE                                         r  design_1_i/Counter_0/U0/Tientallen_reg[3]/D
  -------------------------------------------------------------------    -------------------

Slack:                    inf
  Source:                 design_1_i/Counter_0/U0/Teller_reg[0]/C
                            (rising edge-triggered cell FDRE)
  Destination:            design_1_i/Counter_0/U0/Teller_reg[1]/D
  Path Group:             (none)
  Path Type:              Min at Fast Process Corner
  Data Path Delay:        0.391ns  (logic 0.183ns (46.806%)  route 0.208ns (53.194%))
  Logic Levels:           2  (FDRE=1 LUT2=1)

    Location             Delay type                Incr(ns)  Path(ns)    Netlist Resource(s)
  -------------------------------------------------------------------    -------------------
    SLICE_X110Y59        FDRE                         0.000     0.000 r  design_1_i/Counter_0/U0/Teller_reg[0]/C
    SLICE_X110Y59        FDRE (Prop_fdre_C_Q)         0.141     0.141 r  design_1_i/Counter_0/U0/Teller_reg[0]/Q
                         net (fo=7, routed)           0.208     0.349    design_1_i/Counter_0/U0/Teller_reg[0]
    SLICE_X110Y59        LUT2 (Prop_lut2_I0_O)        0.042     0.391 r  design_1_i/Counter_0/U0/Teller[1]_i_1/O
                         net (fo=1, routed)           0.000     0.391    design_1_i/Counter_0/U0/Teller[1]_i_1_n_0
    SLICE_X110Y59        FDRE                                         r  design_1_i/Counter_0/U0/Teller_reg[1]/D
  -------------------------------------------------------------------    -------------------

Slack:                    inf
  Source:                 design_1_i/Counter_0/U0/Eenheden_reg[0]/C
                            (rising edge-triggered cell FDRE)
  Destination:            design_1_i/Counter_0/U0/Eenheden_reg[1]/D
  Path Group:             (none)
  Path Type:              Min at Fast Process Corner
  Data Path Delay:        0.393ns  (logic 0.207ns (52.626%)  route 0.186ns (47.374%))
  Logic Levels:           2  (FDRE=1 LUT2=1)

    Location             Delay type                Incr(ns)  Path(ns)    Netlist Resource(s)
  -------------------------------------------------------------------    -------------------
    SLICE_X112Y90        FDRE                         0.000     0.000 r  design_1_i/Counter_0/U0/Eenheden_reg[0]/C
    SLICE_X112Y90        FDRE (Prop_fdre_C_Q)         0.164     0.164 r  design_1_i/Counter_0/U0/Eenheden_reg[0]/Q
                         net (fo=11, routed)          0.186     0.350    design_1_i/Counter_0/U0/Eenheden_reg_n_0_[0]
    SLICE_X112Y90        LUT2 (Prop_lut2_I0_O)        0.043     0.393 r  design_1_i/Counter_0/U0/Eenheden[1]_i_1/O
                         net (fo=1, routed)           0.000     0.393    design_1_i/Counter_0/U0/Eenheden[1]_i_1_n_0
    SLICE_X112Y90        FDRE                                         r  design_1_i/Counter_0/U0/Eenheden_reg[1]/D
  -------------------------------------------------------------------    -------------------

Slack:                    inf
  Source:                 design_1_i/Counter_0/U0/Eenheden_reg[0]/C
                            (rising edge-triggered cell FDRE)
  Destination:            design_1_i/Counter_0/U0/Eenheden_reg[3]/D
  Path Group:             (none)
  Path Type:              Min at Fast Process Corner
  Data Path Delay:        0.393ns  (logic 0.207ns (52.626%)  route 0.186ns (47.374%))
  Logic Levels:           2  (FDRE=1 LUT4=1)

    Location             Delay type                Incr(ns)  Path(ns)    Netlist Resource(s)
  -------------------------------------------------------------------    -------------------
    SLICE_X112Y90        FDRE                         0.000     0.000 r  design_1_i/Counter_0/U0/Eenheden_reg[0]/C
    SLICE_X112Y90        FDRE (Prop_fdre_C_Q)         0.164     0.164 r  design_1_i/Counter_0/U0/Eenheden_reg[0]/Q
                         net (fo=11, routed)          0.186     0.350    design_1_i/Counter_0/U0/Eenheden_reg_n_0_[0]
    SLICE_X112Y90        LUT4 (Prop_lut4_I1_O)        0.043     0.393 r  design_1_i/Counter_0/U0/Eenheden[3]_i_2/O
                         net (fo=1, routed)           0.000     0.393    design_1_i/Counter_0/U0/Eenheden[3]_i_2_n_0
    SLICE_X112Y90        FDRE                                         r  design_1_i/Counter_0/U0/Eenheden_reg[3]/D
  -------------------------------------------------------------------    -------------------





--------------------------------------------------------------------------------------
Path Group:  (none)
From Clock:  clkfbout_design_1_clk_wiz_0_1
  To Clock:  

Max Delay             1 Endpoint
Min Delay             1 Endpoint
--------------------------------------------------------------------------------------


Max Delay Paths
--------------------------------------------------------------------------------------
Slack:                    inf
  Source:                 design_1_i/clk_wiz_0/inst/mmcm_adv_inst/CLKFBOUT
                            (clock source 'clkfbout_design_1_clk_wiz_0_1'  {rise@0.000ns fall@4.000ns period=8.000ns})
  Destination:            design_1_i/clk_wiz_0/inst/mmcm_adv_inst/CLKFBIN
  Path Group:             (none)
  Path Type:              Max at Slow Process Corner
  Data Path Delay:        4.287ns  (logic 0.101ns (2.356%)  route 4.186ns (97.644%))
  Logic Levels:           1  (BUFG=1)
  Clock Uncertainty:      0.145ns  ((TSJ^2 + DJ^2)^1/2) / 2 + PE
    Total System Jitter     (TSJ):    0.050ns
    Discrete Jitter          (DJ):    0.081ns
    Phase Error              (PE):    0.097ns

    Location             Delay type                Incr(ns)  Path(ns)    Netlist Resource(s)
  -------------------------------------------------------------------    -------------------
                         (clock clkfbout_design_1_clk_wiz_0_1 fall edge)
                                                      4.000     4.000 f  
    H16                                               0.000     4.000 f  clk_in_0 (IN)
                         net (fo=0)                   0.000     4.000    design_1_i/clk_wiz_0/inst/clk_in1
    H16                  IBUF (Prop_ibuf_I_O)         1.451     5.451 f  design_1_i/clk_wiz_0/inst/clkin1_ibufg/O
                         net (fo=1, routed)           1.285     6.736    design_1_i/clk_wiz_0/inst/clk_in1_design_1_clk_wiz_0_1
  -------------------------------------------------------------------    -------------------
    MMCME2_ADV_X1Y2      MMCME2_ADV (Prop_mmcme2_adv_CLKIN1_CLKFBOUT)
                                                     -7.759    -1.023 f  design_1_i/clk_wiz_0/inst/mmcm_adv_inst/CLKFBOUT
                         net (fo=1, routed)           2.206     1.183    design_1_i/clk_wiz_0/inst/clkfbout_design_1_clk_wiz_0_1
    BUFGCTRL_X0Y17       BUFG (Prop_bufg_I_O)         0.101     1.284 f  design_1_i/clk_wiz_0/inst/clkf_buf/O
                         net (fo=1, routed)           1.980     3.264    design_1_i/clk_wiz_0/inst/clkfbout_buf_design_1_clk_wiz_0_1
    MMCME2_ADV_X1Y2      MMCME2_ADV                                   f  design_1_i/clk_wiz_0/inst/mmcm_adv_inst/CLKFBIN
  -------------------------------------------------------------------    -------------------





Min Delay Paths
--------------------------------------------------------------------------------------
Slack:                    inf
  Source:                 design_1_i/clk_wiz_0/inst/mmcm_adv_inst/CLKFBOUT
                            (clock source 'clkfbout_design_1_clk_wiz_0_1'  {rise@0.000ns fall@4.000ns period=8.000ns})
  Destination:            design_1_i/clk_wiz_0/inst/mmcm_adv_inst/CLKFBIN
  Path Group:             (none)
  Path Type:              Min at Slow Process Corner
  Data Path Delay:        3.873ns  (logic 0.091ns (2.349%)  route 3.782ns (97.651%))
  Logic Levels:           1  (BUFG=1)
  Clock Uncertainty:      0.145ns  ((TSJ^2 + DJ^2)^1/2) / 2 + PE
    Total System Jitter     (TSJ):    0.050ns
    Discrete Jitter          (DJ):    0.081ns
    Phase Error              (PE):    0.097ns

    Location             Delay type                Incr(ns)  Path(ns)    Netlist Resource(s)
  -------------------------------------------------------------------    -------------------
                         (clock clkfbout_design_1_clk_wiz_0_1 rise edge)
                                                      0.000     0.000 r  
    H16                                               0.000     0.000 r  clk_in_0 (IN)
                         net (fo=0)                   0.000     0.000    design_1_i/clk_wiz_0/inst/clk_in1
    H16                  IBUF (Prop_ibuf_I_O)         1.380     1.380 r  design_1_i/clk_wiz_0/inst/clkin1_ibufg/O
                         net (fo=1, routed)           1.162     2.542    design_1_i/clk_wiz_0/inst/clk_in1_design_1_clk_wiz_0_1
  -------------------------------------------------------------------    -------------------
    MMCME2_ADV_X1Y2      MMCME2_ADV (Prop_mmcme2_adv_CLKIN1_CLKFBOUT)
                                                     -7.814    -5.272 r  design_1_i/clk_wiz_0/inst/mmcm_adv_inst/CLKFBOUT
                         net (fo=1, routed)           2.012    -3.260    design_1_i/clk_wiz_0/inst/clkfbout_design_1_clk_wiz_0_1
    BUFGCTRL_X0Y17       BUFG (Prop_bufg_I_O)         0.091    -3.169 r  design_1_i/clk_wiz_0/inst/clkf_buf/O
                         net (fo=1, routed)           1.770    -1.399    design_1_i/clk_wiz_0/inst/clkfbout_buf_design_1_clk_wiz_0_1
    MMCME2_ADV_X1Y2      MMCME2_ADV                                   r  design_1_i/clk_wiz_0/inst/mmcm_adv_inst/CLKFBIN
  -------------------------------------------------------------------    -------------------





